sentiment,topic_id,document_count,language_count,shannon_diversity,languages,dominant_language,dominance_percentage,geographic_spread,category_spread
positivo,8,51958,43,1.463,"{'es': 26239, 'en': 17398, 'nl': 1306, 'pt': 1045, 'fr': 1043, 'pl': 745, 'it': 666, 'de': 519, 'ko': 434, 'ca': 380, 'ro': 208, 'hu': 206, 'ru': 189, 'sv': 167, 'da': 139, 'cs': 138, 'zh-tw': 121, 'no': 108, 'af': 95, 'tr': 83, 'el': 80, 'ja': 71, 'fi': 67, 'sk': 66, 'lt': 56, 'hr': 50, 'bg': 49, 'sl': 44, 'zh-cn': 41, 'uk': 35, 'et': 28, 'lv': 26, 'ar': 20, 'tl': 16, 'th': 15, 'id': 14, 'so': 13, 'mk': 9, 'sw': 8, 'cy': 7, 'he': 7, 'vi': 6, 'sq': 1}",es,50.5,8,13
negativo,0,5785,30,1.353,"{'en': 2483, 'es': 2237, 'fr': 404, 'de': 263, 'it': 245, 'pt': 46, 'nl': 26, 'pl': 13, 'ca': 9, 'ru': 8, 'he': 6, 'ar': 6, 'sv': 5, 'ro': 4, 'tr': 4, 'ko': 4, 'no': 3, 'cs': 2, 'tl': 2, 'da': 2, 'hr': 2, 'bg': 2, 'el': 2, 'af': 1, 'mk': 1, 'sk': 1, 'sl': 1, 'fi': 1, 'lv': 1, 'hu': 1}",en,42.92,8,11
negativo,211,7,4,1.277,"{'de': 3, 'es': 2, 'fr': 1, 'en': 1}",de,42.86,2,4
negativo,39,570,15,1.211,"{'es': 338, 'en': 154, 'fr': 25, 'it': 16, 'de': 10, 'pt': 6, 'pl': 6, 'nl': 6, 'ro': 2, 'hu': 2, 'cs': 1, 'tr': 1, 'ko': 1, 'sv': 1, 'da': 1}",es,59.3,8,12
negativo,22,704,17,1.167,"{'es': 353, 'en': 278, 'fr': 27, 'nl': 9, 'it': 8, 'da': 6, 'de': 5, 'pt': 5, 'pl': 3, 'sv': 3, 'af': 1, 'no': 1, 'tr': 1, 'lt': 1, 'ko': 1, 'hu': 1, 'ar': 1}",es,50.14,8,11
negativo,20,620,9,1.143,"{'es': 358, 'en': 185, 'fr': 25, 'ca': 14, 'it': 13, 'pt': 12, 'de': 11, 'id': 1, 'sl': 1}",es,57.74,8,12
negativo,125,661,13,1.133,"{'es': 418, 'en': 165, 'it': 20, 'fr': 15, 'de': 13, 'ro': 8, 'pt': 5, 'nl': 4, 'sk': 4, 'sv': 4, 'ca': 2, 'hu': 2, 'hr': 1}",es,63.24,8,12
negativo,139,537,11,1.098,"{'es': 309, 'en': 178, 'it': 12, 'fr': 9, 'ro': 6, 'de': 5, 'pt': 5, 'nl': 4, 'zh-cn': 3, 'el': 3, 'cs': 3}",es,57.54,8,10
negativo,11,21,4,1.095,"{'es': 9, 'en': 9, 'fr': 2, 'it': 1}",es,42.86,5,4
negativo,131,926,18,1.088,"{'es': 598, 'en': 232, 'fr': 28, 'nl': 17, 'it': 14, 'de': 9, 'pt': 7, 'pl': 6, 'da': 3, 'ro': 3, 'bg': 2, 'ko': 1, 'tr': 1, 'cs': 1, 'sl': 1, 'no': 1, 'sv': 1, 'ca': 1}",es,64.58,8,13
negativo,14,805,12,1.077,"{'es': 490, 'en': 238, 'fr': 17, 'pt': 17, 'it': 12, 'de': 11, 'nl': 8, 'da': 4, 'sv': 3, 'el': 3, 'pl': 1, 'ko': 1}",es,60.87,8,12
positivo,9,25684,32,1.071,"{'es': 13856, 'en': 9523, 'fr': 919, 'it': 592, 'de': 438, 'pt': 91, 'nl': 79, 'pl': 29, 'hu': 17, 'ru': 14, 'sv': 12, 'fi': 12, 'ro': 12, 'da': 10, 'el': 9, 'sl': 9, 'cs': 9, 'no': 9, 'ko': 8, 'ca': 6, 'af': 6, 'ja': 4, 'sk': 4, 'hr': 3, 'et': 3, 'zh-cn': 2, 'zh-tw': 2, 'tl': 2, 'bg': 1, 'ar': 1, 'lt': 1, 'uk': 1}",es,53.95,8,11
positivo,6,5210,19,1.07,"{'es': 2897, 'en': 1814, 'fr': 176, 'it': 156, 'de': 105, 'nl': 19, 'pt': 15, 'ro': 4, 'ca': 4, 'el': 3, 'hr': 3, 'tr': 2, 'pl': 2, 'no': 2, 'ko': 2, 'ru': 2, 'ar': 2, 'da': 1, 'sv': 1}",es,55.6,8,11
negativo,128,137,5,1.067,"{'es': 71, 'en': 51, 'fr': 7, 'it': 4, 'de': 4}",es,51.82,6,9
negativo,144,473,10,1.053,"{'es': 314, 'en': 106, 'fr': 14, 'it': 13, 'pt': 11, 'de': 6, 'pl': 4, 'nl': 2, 'hu': 2, 'af': 1}",es,66.38,8,11
negativo,3,1468,13,1.043,"{'es': 894, 'en': 438, 'ca': 50, 'pt': 25, 'fr': 24, 'it': 17, 'de': 12, 'pl': 3, 'sk': 1, 'ro': 1, 'tl': 1, 'tr': 1, 'no': 1}",es,60.9,8,12
positivo,19,2968,11,1.041,"{'es': 1555, 'en': 1171, 'fr': 76, 'de': 68, 'it': 60, 'pt': 14, 'pl': 8, 'nl': 8, 'ro': 3, 'zh-cn': 3, 'ko': 2}",es,52.39,8,11
negativo,75,779,9,1.039,"{'es': 494, 'en': 207, 'ca': 23, 'fr': 22, 'it': 12, 'af': 9, 'de': 8, 'da': 2, 'pt': 2}",es,63.41,8,12
negativo,35,404,13,1.026,"{'es': 248, 'en': 125, 'de': 7, 'nl': 6, 'fr': 4, 'it': 3, 'pl': 3, 'ca': 2, 'hr': 2, 'fi': 1, 'sv': 1, 'el': 1, 'af': 1}",es,61.39,8,10
positivo,4,3998,16,1.024,"{'es': 2191, 'en': 1499, 'fr': 118, 'de': 73, 'it': 64, 'pt': 15, 'nl': 15, 'cs': 8, 'pl': 3, 'da': 2, 'ca': 2, 'ro': 2, 'zh-tw': 2, 'tr': 2, 'ru': 1, 'ar': 1}",es,54.8,8,10
positivo,0,17668,28,1.013,"{'es': 9873, 'en': 6522, 'fr': 478, 'it': 310, 'de': 237, 'pt': 70, 'nl': 51, 'pl': 32, 'ko': 15, 'cs': 13, 'zh-tw': 8, 'ro': 7, 'hu': 6, 'no': 5, 'sk': 5, 'ru': 4, 'fi': 4, 'da': 3, 'uk': 3, 'ca': 3, 'af': 3, 'sv': 3, 'sl': 3, 'zh-cn': 3, 'et': 2, 'el': 2, 'ja': 2, 'lt': 1}",es,55.88,8,12
positivo,25,11595,28,1.007,"{'es': 6238, 'en': 4582, 'fr': 260, 'it': 225, 'de': 115, 'pt': 47, 'nl': 43, 'pl': 19, 'ro': 10, 'el': 8, 'hu': 5, 'no': 4, 'fi': 4, 'da': 4, 'cs': 4, 'ja': 4, 'tr': 3, 'ca': 3, 'hr': 3, 'ar': 2, 'ko': 2, 'ru': 2, 'sv': 2, 'lt': 2, 'lv': 1, 'bg': 1, 'uk': 1, 'sl': 1}",es,53.8,8,12
positivo,23,3264,20,1.001,"{'es': 1606, 'en': 1448, 'fr': 74, 'it': 47, 'de': 46, 'pl': 16, 'nl': 10, 'pt': 2, 'cs': 2, 'da': 2, 'fi': 2, 'hr': 1, 'et': 1, 'sl': 1, 'ro': 1, 'bg': 1, 'lt': 1, 'ca': 1, 'af': 1, 'ru': 1}",es,49.2,8,11
negativo,69,681,16,0.999,"{'es': 419, 'en': 216, 'nl': 14, 'de': 5, 'fr': 5, 'it': 4, 'hr': 3, 'pl': 3, 'pt': 3, 'cs': 2, 'sv': 2, 'tr': 1, 'lt': 1, 'hu': 1, 'no': 1, 'da': 1}",es,61.53,8,12
positivo,7,10000,28,0.994,"{'es': 5150, 'en': 4222, 'fr': 268, 'it': 112, 'de': 91, 'pt': 67, 'nl': 22, 'pl': 21, 'ru': 6, 'hu': 5, 'fi': 5, 'ca': 5, 'he': 3, 'ar': 3, 'ja': 2, 'no': 2, 'lv': 2, 'ko': 2, 'bg': 2, 'el': 2, 'da': 1, 'et': 1, 'cs': 1, 'lt': 1, 'ro': 1, 'sk': 1, 'sv': 1, 'zh-cn': 1}",es,51.5,8,12
positivo,18,3409,16,0.987,"{'es': 1877, 'en': 1307, 'fr': 92, 'it': 53, 'de': 34, 'pt': 21, 'nl': 6, 'pl': 4, 'ca': 3, 'da': 3, 'ar': 2, 'sk': 2, 'cs': 2, 'hu': 1, 'no': 1, 'ru': 1}",es,55.06,8,11
negativo,138,490,9,0.986,"{'es': 314, 'en': 136, 'ca': 12, 'fr': 8, 'pt': 7, 'it': 6, 'de': 5, 'nl': 1, 'cs': 1}",es,64.08,8,11
positivo,3,5499,19,0.985,"{'es': 2954, 'en': 2210, 'it': 98, 'fr': 93, 'de': 66, 'nl': 21, 'pt': 19, 'pl': 7, 'ja': 5, 'sv': 5, 'ru': 4, 'da': 4, 'cs': 4, 'zh-cn': 2, 'tr': 2, 'no': 2, 'lt': 1, 'ro': 1, 'ko': 1}",es,53.72,8,12
negativo,157,386,12,0.984,"{'es': 241, 'en': 119, 'fr': 5, 'nl': 5, 'de': 3, 'it': 3, 'pt': 3, 'fi': 2, 'sv': 2, 'tr': 1, 'af': 1, 'cs': 1}",es,62.44,8,11
positivo,15,3813,16,0.981,"{'es': 2047, 'en': 1532, 'fr': 78, 'it': 64, 'de': 43, 'pt': 16, 'ro': 7, 'ca': 6, 'nl': 6, 'ru': 3, 'pl': 3, 'bg': 2, 'fi': 2, 'sv': 2, 'sk': 1, 'tr': 1}",es,53.68,8,12
positivo,1,13596,26,0.98,"{'es': 7324, 'en': 5461, 'fr': 316, 'it': 170, 'de': 146, 'pt': 40, 'nl': 36, 'pl': 25, 'hu': 13, 'ar': 8, 'ro': 7, 'fi': 7, 'cs': 7, 'da': 5, 'ru': 5, 'af': 4, 'ca': 4, 'sv': 3, 'el': 3, 'hr': 3, 'no': 2, 'lt': 2, 'et': 2, 'sl': 1, 'sk': 1, 'tr': 1}",es,53.87,8,12
positivo,11,7255,13,0.977,"{'es': 4039, 'en': 2721, 'fr': 185, 'de': 113, 'it': 110, 'pt': 74, 'nl': 3, 'ar': 2, 'ca': 2, 'ru': 2, 'pl': 2, 'sk': 1, 'sv': 1}",es,55.67,8,11
negativo,113,1136,21,0.972,"{'es': 857, 'en': 163, 'fr': 22, 'it': 19, 'nl': 19, 'de': 14, 'pt': 8, 'pl': 7, 'da': 4, 'ca': 4, 'tr': 3, 'ru': 3, 'he': 2, 'no': 2, 'hu': 2, 'sv': 2, 'el': 1, 'hr': 1, 'sk': 1, 'ja': 1, 'ro': 1}",es,75.44,8,12
positivo,12,8015,23,0.97,"{'es': 4742, 'en': 2742, 'fr': 188, 'it': 159, 'de': 88, 'pt': 30, 'nl': 24, 'pl': 16, 'ro': 5, 'tr': 3, 'ca': 3, 'no': 3, 'ja': 2, 'el': 1, 'af': 1, 'ru': 1, 'et': 1, 'da': 1, 'hr': 1, 'ko': 1, 'hu': 1, 'zh-cn': 1, 'sv': 1}",es,59.16,8,11
positivo,20,5954,15,0.969,"{'es': 3336, 'en': 2243, 'fr': 134, 'it': 112, 'de': 51, 'pt': 49, 'ro': 5, 'pl': 5, 'ar': 4, 'nl': 4, 'ru': 3, 'ca': 3, 'hr': 2, 'ja': 2, 'no': 1}",es,56.03,8,11
positivo,26,6543,17,0.965,"{'es': 3918, 'en': 2191, 'fr': 166, 'it': 124, 'de': 65, 'pt': 31, 'pl': 12, 'nl': 11, 'fi': 4, 'sl': 4, 'ro': 4, 'af': 3, 'hr': 2, 'bg': 2, 'no': 2, 'da': 2, 'el': 2}",es,59.88,8,11
positivo,5,4807,16,0.964,"{'es': 2920, 'en': 1560, 'fr': 111, 'it': 88, 'de': 68, 'pt': 30, 'nl': 13, 'af': 3, 'pl': 2, 'ar': 2, 'ro': 2, 'el': 2, 'ru': 2, 'lv': 2, 'fi': 1, 'hr': 1}",es,60.74,8,12
negativo,53,421,10,0.963,"{'es': 276, 'en': 115, 'pt': 7, 'it': 5, 'de': 4, 'fr': 3, 'el': 3, 'ro': 3, 'hu': 3, 'pl': 2}",es,65.56,8,10
positivo,2,3622,13,0.961,"{'es': 1986, 'en': 1430, 'it': 56, 'fr': 53, 'de': 48, 'pt': 16, 'ro': 15, 'ca': 7, 'bg': 4, 'no': 3, 'af': 2, 'pl': 1, 'nl': 1}",es,54.83,8,11
positivo,14,8926,19,0.961,"{'es': 4875, 'en': 3538, 'fr': 181, 'it': 132, 'de': 95, 'nl': 42, 'pt': 22, 'pl': 12, 'sv': 9, 'hu': 3, 'da': 3, 'ja': 3, 'so': 2, 'cs': 2, 'fi': 2, 'no': 2, 'ro': 1, 'sk': 1, 'zh-tw': 1}",es,54.62,8,12
positivo,24,4224,18,0.959,"{'es': 2596, 'en': 1347, 'fr': 110, 'it': 75, 'de': 42, 'pt': 12, 'pl': 11, 'nl': 10, 'ko': 6, 'cs': 5, 'zh-cn': 3, 'hr': 1, 'tr': 1, 'ru': 1, 'no': 1, 'sv': 1, 'mk': 1, 'da': 1}",es,61.46,8,13
positivo,13,2485,15,0.957,"{'es': 1312, 'en': 1043, 'fr': 44, 'it': 31, 'de': 18, 'nl': 11, 'pt': 7, 'pl': 4, 'no': 3, 'bg': 2, 'da': 2, 'sv': 2, 'ar': 2, 'el': 2, 'ro': 2}",es,52.8,8,10
positivo,27,2856,16,0.957,"{'es': 1705, 'en': 975, 'fr': 65, 'it': 47, 'de': 27, 'pt': 10, 'nl': 5, 'pl': 5, 'cs': 4, 'hu': 3, 'ar': 2, 'el': 2, 'fi': 2, 'af': 2, 'lt': 1, 'ca': 1}",es,59.7,8,10
positivo,22,2376,13,0.956,"{'es': 1471, 'en': 747, 'fr': 50, 'de': 41, 'it': 30, 'nl': 15, 'pt': 11, 'ca': 4, 'fi': 3, 'pl': 1, 'lv': 1, 'ro': 1, 'ko': 1}",es,61.91,8,10
negativo,130,481,16,0.95,"{'es': 349, 'en': 92, 'it': 9, 'fr': 8, 'sv': 4, 'de': 3, 'nl': 3, 'el': 2, 'sk': 2, 'no': 2, 'bg': 2, 'pl': 1, 'cs': 1, 'pt': 1, 'hu': 1, 'ro': 1}",es,72.56,8,10
negativo,81,1215,16,0.936,"{'es': 835, 'en': 296, 'nl': 29, 'fr': 9, 'pt': 9, 'tr': 8, 'sv': 6, 'de': 5, 'no': 5, 'ro': 3, 'pl': 3, 'it': 2, 'da': 2, 'ru': 1, 'ja': 1, 'hu': 1}",es,68.72,8,12
negativo,203,636,13,0.936,"{'es': 472, 'en': 105, 'pt': 12, 'it': 10, 'de': 10, 'fr': 10, 'pl': 4, 'nl': 4, 'tr': 2, 'sv': 2, 'he': 2, 'sl': 2, 'sk': 1}",es,74.21,8,11
positivo,37,1817,18,0.935,"{'es': 1124, 'en': 594, 'it': 29, 'fr': 22, 'de': 17, 'pt': 7, 'ca': 4, 'nl': 3, 'pl': 3, 'lt': 3, 'tr': 3, 'sk': 2, 'ru': 1, 'hu': 1, 'cs': 1, 'ja': 1, 'da': 1, 'ro': 1}",es,61.86,8,12
positivo,21,4487,22,0.933,"{'es': 2684, 'en': 1563, 'fr': 75, 'it': 70, 'de': 41, 'pt': 16, 'nl': 6, 'no': 4, 'ro': 4, 'pl': 4, 'ru': 3, 'fi': 3, 'af': 2, 'da': 2, 'tl': 2, 'lt': 2, 'tr': 1, 'cy': 1, 'hu': 1, 'sv': 1, 'bg': 1, 'ar': 1}",es,59.82,8,11
negativo,37,528,14,0.928,"{'es': 387, 'en': 94, 'fr': 18, 'de': 6, 'pl': 5, 'cs': 5, 'pt': 4, 'el': 2, 'tr': 2, 'nl': 1, 'sl': 1, 'bg': 1, 'lt': 1, 'ca': 1}",es,73.3,8,11
negativo,107,1008,21,0.926,"{'es': 726, 'en': 213, 'nl': 16, 'de': 10, 'fr': 6, 'no': 4, 'cs': 4, 'pl': 4, 'tr': 3, 'it': 3, 'sv': 3, 'hr': 2, 'hu': 2, 'ru': 2, 'pt': 2, 'ar': 2, 'he': 2, 'ro': 1, 'ca': 1, 'zh-cn': 1, 'da': 1}",es,72.02,8,11
positivo,10,3123,15,0.921,"{'es': 1949, 'en': 1002, 'fr': 58, 'de': 42, 'it': 29, 'nl': 12, 'pt': 10, 'pl': 5, 'sv': 4, 'ca': 3, 'no': 2, 'so': 2, 'ru': 2, 'ko': 2, 'zh-tw': 1}",es,62.41,8,11
negativo,19,49,5,0.92,"{'es': 32, 'en': 13, 'it': 2, 'fr': 1, 'de': 1}",es,65.31,4,8
negativo,170,49,5,0.92,"{'es': 32, 'en': 13, 'fr': 2, 'de': 1, 'it': 1}",es,65.31,5,6
negativo,70,49,5,0.916,"{'es': 36, 'fr': 6, 'de': 3, 'en': 2, 'it': 2}",es,73.47,4,5
positivo,17,2758,8,0.913,"{'es': 1770, 'en': 807, 'fr': 70, 'it': 57, 'nl': 32, 'de': 17, 'pt': 4, 'sl': 1}",es,64.18,8,11
negativo,192,155,5,0.912,"{'es': 110, 'en': 27, 'fr': 10, 'it': 5, 'de': 3}",es,70.97,4,9
negativo,126,21,4,0.902,"{'es': 14, 'en': 5, 'fr': 1, 'de': 1}",es,66.67,3,5
negativo,65,464,15,0.9,"{'es': 340, 'en': 90, 'fr': 9, 'pt': 7, 'it': 4, 'de': 2, 'ar': 2, 'zh-cn': 2, 'nl': 2, 'sl': 1, 'sk': 1, 'pl': 1, 'el': 1, 'bg': 1, 'no': 1}",es,73.28,8,10
positivo,16,2648,21,0.898,"{'es': 1663, 'en': 860, 'fr': 46, 'it': 28, 'de': 14, 'nl': 8, 'pt': 6, 'pl': 5, 'ro': 3, 'hr': 2, 'he': 2, 'tr': 2, 'af': 1, 'cs': 1, 'hu': 1, 'no': 1, 'fi': 1, 'ru': 1, 'da': 1, 'ja': 1, 'sl': 1}",es,62.8,8,10
positivo,31,1869,12,0.894,"{'es': 1150, 'en': 632, 'fr': 36, 'de': 13, 'pt': 10, 'da': 8, 'it': 6, 'nl': 5, 'hu': 3, 'sl': 2, 'fi': 2, 'sk': 2}",es,61.53,8,10
negativo,159,109,5,0.886,"{'es': 77, 'en': 19, 'fr': 10, 'de': 2, 'it': 1}",es,70.64,4,9
negativo,85,166,5,0.882,"{'es': 114, 'en': 39, 'fr': 5, 'it': 5, 'de': 3}",es,68.67,6,7
negativo,137,514,16,0.876,"{'es': 390, 'en': 85, 'fr': 12, 'it': 4, 'pl': 4, 'pt': 4, 'nl': 3, 'fi': 2, 'cs': 2, 'ko': 2, 'de': 1, 'el': 1, 'zh-tw': 1, 'tr': 1, 'sk': 1, 'ro': 1}",es,75.88,8,11
positivo,28,2213,12,0.873,"{'es': 1503, 'en': 585, 'it': 38, 'fr': 37, 'pt': 15, 'nl': 15, 'de': 14, 'cs': 2, 'af': 1, 'pl': 1, 'fi': 1, 'sv': 1}",es,67.92,8,10
negativo,173,255,5,0.866,"{'es': 147, 'en': 97, 'it': 5, 'fr': 4, 'de': 2}",es,57.65,7,10
negativo,132,167,5,0.859,"{'es': 114, 'en': 42, 'de': 4, 'fr': 4, 'it': 3}",es,68.26,5,7
negativo,198,134,5,0.859,"{'es': 96, 'en': 26, 'fr': 7, 'it': 3, 'de': 2}",es,71.64,6,9
positivo,29,2130,11,0.854,"{'es': 1473, 'en': 540, 'fr': 50, 'de': 20, 'pt': 18, 'it': 14, 'ca': 5, 'ru': 3, 'ro': 3, 'sk': 2, 'cs': 2}",es,69.15,8,11
negativo,129,106,5,0.851,"{'es': 69, 'en': 31, 'it': 4, 'de': 1, 'fr': 1}",es,65.09,7,8
negativo,100,161,5,0.849,"{'es': 116, 'en': 31, 'it': 8, 'fr': 4, 'de': 2}",es,72.05,4,9
negativo,174,118,5,0.849,"{'es': 87, 'en': 19, 'fr': 7, 'de': 3, 'it': 2}",es,73.73,5,6
negativo,112,600,15,0.848,"{'es': 466, 'en': 87, 'fr': 11, 'pt': 10, 'it': 6, 'pl': 5, 'hr': 3, 'nl': 3, 'de': 2, 'da': 2, 'sk': 1, 'zh-tw': 1, 'ko': 1, 'hu': 1, 'ro': 1}",es,77.67,8,12
positivo,30,1679,18,0.847,"{'es': 1142, 'en': 466, 'fr': 15, 'it': 13, 'de': 12, 'pt': 10, 'ro': 5, 'ca': 3, 'el': 2, 'sw': 2, 'nl': 2, 'ko': 1, 'sv': 1, 'no': 1, 'hr': 1, 'hu': 1, 'ar': 1, 'da': 1}",es,68.02,8,12
negativo,44,208,5,0.846,"{'es': 152, 'en': 38, 'de': 7, 'it': 6, 'fr': 5}",es,73.08,8,11
positivo,33,1750,12,0.844,"{'es': 1228, 'en': 428, 'it': 30, 'fr': 29, 'pt': 14, 'cs': 5, 'pl': 5, 'de': 4, 'ca': 2, 'id': 2, 'nl': 2, 'ru': 1}",es,70.17,8,12
positivo,36,2002,16,0.841,"{'es': 1313, 'en': 615, 'de': 16, 'it': 13, 'fr': 12, 'nl': 12, 'pl': 5, 'pt': 5, 'no': 2, 'ca': 2, 'hr': 2, 'ru': 1, 'lv': 1, 'fi': 1, 'lt': 1, 'ro': 1}",es,65.58,8,10
negativo,199,156,5,0.839,"{'es': 116, 'en': 23, 'fr': 9, 'it': 7, 'de': 1}",es,74.36,5,8
negativo,182,452,10,0.838,"{'es': 342, 'en': 79, 'fr': 6, 'pt': 6, 'it': 5, 'ro': 3, 'hr': 3, 'pl': 3, 'da': 3, 'de': 2}",es,75.66,8,12
negativo,1,2430,30,0.837,"{'es': 1943, 'en': 304, 'nl': 55, 'it': 13, 'cs': 11, 'de': 11, 'sv': 10, 'pl': 10, 'fr': 8, 'da': 8, 'ro': 7, 'ru': 7, 'pt': 7, 'no': 6, 'ca': 3, 'hu': 3, 'fi': 3, 'sk': 3, 'lt': 2, 'ko': 2, 'zh-tw': 2, 'tr': 2, 'sl': 2, 'zh-cn': 2, 'he': 1, 'vi': 1, 'lv': 1, 'af': 1, 'el': 1, 'ja': 1}",es,79.96,8,13
positivo,34,1554,12,0.835,"{'es': 1060, 'en': 427, 'de': 15, 'fr': 13, 'ca': 12, 'it': 11, 'pl': 8, 'ro': 4, 'nl': 1, 'lt': 1, 'cs': 1, 'uk': 1}",es,68.21,8,11
positivo,32,1617,12,0.834,"{'es': 1115, 'en': 427, 'fr': 23, 'de': 14, 'nl': 14, 'it': 10, 'pt': 9, 'zh-cn': 1, 'tr': 1, 'hr': 1, 'da': 1, 'ca': 1}",es,68.95,8,10
negativo,209,396,8,0.832,"{'es': 297, 'en': 69, 'fr': 11, 'pt': 9, 'it': 3, 'cs': 3, 'nl': 3, 'ko': 1}",es,75.0,8,12
negativo,57,249,4,0.825,"{'es': 170, 'en': 63, 'fr': 11, 'de': 5}",es,68.27,6,9
positivo,76,671,9,0.824,"{'es': 418, 'en': 231, 'pt': 11, 'de': 4, 'ro': 2, 'hr': 2, 'da': 1, 'ru': 1, 'zh-cn': 1}",es,62.3,8,8
negativo,154,583,13,0.823,"{'es': 431, 'en': 120, 'pt': 11, 'nl': 4, 'ru': 3, 'cs': 3, 'de': 2, 'hr': 2, 'tr': 2, 'pl': 2, 'fr': 1, 'it': 1, 'da': 1}",es,73.93,8,11
negativo,6,28,3,0.822,"{'es': 14, 'en': 13, 'fr': 1}",es,50.0,4,5
negativo,204,459,11,0.818,"{'es': 344, 'en': 85, 'nl': 13, 'it': 6, 'fr': 4, 'pt': 2, 'de': 1, 'sv': 1, 'da': 1, 'tr': 1, 'sl': 1}",es,74.95,8,11
negativo,191,89,5,0.815,"{'es': 68, 'en': 12, 'fr': 4, 'it': 3, 'de': 2}",es,76.4,4,7
negativo,168,315,5,0.814,"{'es': 224, 'en': 72, 'it': 8, 'fr': 6, 'de': 5}",es,71.11,7,11
negativo,207,114,5,0.814,"{'es': 84, 'en': 20, 'fr': 7, 'de': 2, 'it': 1}",es,73.68,4,9
negativo,94,400,8,0.812,"{'es': 280, 'en': 101, 'pt': 9, 'no': 3, 'nl': 3, 'fr': 2, 'hr': 1, 'da': 1}",es,70.0,8,10
negativo,4,49,5,0.811,"{'es': 38, 'en': 5, 'fr': 3, 'de': 2, 'it': 1}",es,77.55,4,7
negativo,92,317,5,0.808,"{'es': 220, 'en': 81, 'fr': 6, 'it': 5, 'de': 5}",es,69.4,8,10
negativo,121,720,20,0.808,"{'es': 559, 'en': 120, 'pt': 6, 'nl': 6, 'ca': 6, 'de': 3, 'pl': 3, 'el': 2, 'fr': 2, 'it': 2, 'lv': 2, 'lt': 1, 'fi': 1, 'et': 1, 'sv': 1, 'ro': 1, 'sl': 1, 'no': 1, 'hr': 1, 'so': 1}",es,77.64,8,11
negativo,163,148,5,0.808,"{'es': 106, 'en': 33, 'de': 4, 'fr': 3, 'it': 2}",es,71.62,5,8
negativo,103,862,17,0.8,"{'es': 695, 'en': 101, 'nl': 15, 'fr': 13, 'de': 9, 'it': 6, 'ca': 4, 'da': 3, 'el': 2, 'he': 2, 'no': 2, 'pt': 2, 'ru': 2, 'sv': 2, 'tr': 2, 'ro': 1, 'pl': 1}",es,80.63,8,10
positivo,49,765,14,0.8,"{'es': 565, 'en': 164, 'fr': 8, 'de': 7, 'ro': 5, 'pl': 4, 'pt': 4, 'af': 2, 'nl': 1, 'lv': 1, 'ru': 1, 'bg': 1, 'fi': 1, 'ca': 1}",es,73.86,8,11
negativo,161,57,4,0.799,"{'es': 39, 'en': 15, 'fr': 2, 'it': 1}",es,68.42,4,6
negativo,17,390,8,0.798,"{'es': 292, 'en': 75, 'pt': 8, 'fr': 5, 'no': 3, 'da': 3, 'it': 2, 'cs': 2}",es,74.87,8,10
negativo,145,190,5,0.798,"{'es': 129, 'en': 53, 'fr': 3, 'it': 3, 'de': 2}",es,67.89,7,10
negativo,184,203,5,0.793,"{'es': 139, 'en': 55, 'fr': 5, 'it': 3, 'de': 1}",es,68.47,6,9
negativo,162,375,15,0.792,"{'es': 298, 'en': 52, 'it': 6, 'nl': 4, 'fr': 3, 'pl': 2, 'pt': 2, 'de': 1, 'zh-cn': 1, 'sk': 1, 'el': 1, 'ko': 1, 'hu': 1, 'tr': 1, 'sl': 1}",es,79.47,8,10
negativo,71,97,5,0.79,"{'es': 74, 'en': 15, 'fr': 3, 'de': 3, 'it': 2}",es,76.29,6,6
negativo,90,73,3,0.789,"{'es': 51, 'en': 16, 'fr': 6}",es,69.86,5,5
negativo,165,300,5,0.785,"{'es': 221, 'en': 59, 'it': 13, 'de': 4, 'fr': 3}",es,73.67,7,12
negativo,42,150,4,0.776,"{'es': 111, 'en': 26, 'fr': 11, 'it': 2}",es,74.0,6,8
negativo,59,350,5,0.776,"{'es': 228, 'en': 111, 'fr': 8, 'de': 2, 'it': 1}",es,65.14,8,11
negativo,114,112,4,0.775,"{'es': 74, 'en': 34, 'de': 3, 'it': 1}",es,66.07,4,6
positivo,38,1407,11,0.765,"{'es': 1008, 'en': 351, 'pt': 15, 'it': 11, 'de': 7, 'el': 4, 'fr': 3, 'ru': 3, 'ar': 2, 'nl': 2, 'lt': 1}",es,71.64,8,10
negativo,115,758,15,0.761,"{'es': 602, 'en': 114, 'nl': 10, 'fr': 4, 'da': 4, 'sv': 4, 'ko': 3, 'pt': 3, 'no': 3, 'de': 2, 'tr': 2, 'pl': 2, 'ro': 2, 'ca': 2, 'sq': 1}",es,79.42,8,11
negativo,82,379,9,0.757,"{'es': 308, 'en': 41, 'fr': 8, 'pt': 6, 'de': 4, 'it': 3, 'cs': 3, 'sl': 3, 'nl': 3}",es,81.27,8,11
positivo,43,1168,13,0.755,"{'es': 874, 'en': 247, 'pt': 13, 'fr': 12, 'de': 6, 'it': 4, 'ca': 3, 'af': 2, 'nl': 2, 'pl': 2, 'hu': 1, 'no': 1, 'ru': 1}",es,74.83,8,10
negativo,146,552,9,0.753,"{'es': 451, 'en': 52, 'it': 16, 'pt': 11, 'ro': 8, 'fr': 7, 'sk': 4, 'nl': 2, 'de': 1}",es,81.7,7,9
negativo,123,232,5,0.749,"{'es': 169, 'en': 53, 'it': 4, 'fr': 4, 'de': 2}",es,72.84,8,9
negativo,166,425,9,0.747,"{'es': 329, 'en': 73, 'pt': 10, 'nl': 4, 'it': 3, 'de': 2, 'he': 2, 'pl': 1, 'sv': 1}",es,77.41,8,9
negativo,47,49,4,0.744,"{'es': 35, 'en': 12, 'fr': 1, 'de': 1}",es,71.43,4,5
negativo,134,196,5,0.742,"{'es': 149, 'en': 36, 'it': 4, 'fr': 4, 'de': 3}",es,76.02,7,9
positivo,51,795,12,0.741,"{'es': 581, 'en': 190, 'pt': 6, 'nl': 5, 'el': 2, 'ja': 2, 'sv': 2, 'sl': 2, 'no': 2, 'it': 1, 'af': 1, 'pl': 1}",es,73.08,8,9
negativo,13,228,5,0.74,"{'es': 168, 'en': 50, 'it': 5, 'de': 3, 'fr': 2}",es,73.68,7,10
negativo,171,251,5,0.74,"{'es': 195, 'en': 36, 'fr': 14, 'de': 4, 'it': 2}",es,77.69,7,9
negativo,169,335,5,0.739,"{'es': 250, 'en': 69, 'fr': 8, 'de': 4, 'it': 4}",es,74.63,8,11
positivo,41,963,11,0.738,"{'es': 719, 'en': 210, 'pt': 11, 'de': 6, 'fr': 3, 'nl': 3, 'sl': 3, 'ro': 3, 'pl': 2, 'uk': 2, 'it': 1}",es,74.66,8,12
negativo,127,126,5,0.735,"{'es': 101, 'en': 13, 'it': 6, 'fr': 3, 'de': 3}",es,80.16,5,7
positivo,66,482,9,0.735,"{'es': 374, 'en': 84, 'pt': 10, 'de': 3, 'hu': 3, 'pl': 3, 'it': 2, 'fr': 2, 'nl': 1}",es,77.59,8,8
negativo,142,106,4,0.733,"{'es': 78, 'en': 23, 'fr': 3, 'de': 2}",es,73.58,6,6
negativo,68,126,5,0.729,"{'es': 98, 'en': 20, 'de': 4, 'it': 2, 'fr': 2}",es,77.78,4,8
negativo,149,108,5,0.728,"{'es': 79, 'en': 25, 'fr': 2, 'it': 1, 'de': 1}",es,73.15,4,8
negativo,99,125,5,0.727,"{'es': 92, 'en': 28, 'it': 3, 'fr': 1, 'de': 1}",es,73.6,6,9
negativo,124,161,5,0.727,"{'es': 129, 'en': 18, 'it': 6, 'fr': 5, 'de': 3}",es,80.12,6,6
negativo,38,118,5,0.726,"{'es': 94, 'en': 13, 'fr': 7, 'it': 3, 'de': 1}",es,79.66,3,8
neutro,35,9571,28,0.726,"{'en': 7927, 'es': 897, 'fr': 289, 'ca': 183, 'it': 80, 'de': 54, 'pt': 40, 'nl': 26, 'fi': 12, 'ko': 11, 'pl': 11, 'sv': 6, 'el': 4, 'ru': 4, 'hu': 3, 'cs': 3, 'sk': 3, 'ro': 3, 'ja': 3, 'ar': 2, 'zh-tw': 2, 'sl': 2, 'tr': 1, 'da': 1, 'lt': 1, 'zh-cn': 1, 'th': 1, 'hr': 1}",en,82.82,8,12
positivo,52,806,11,0.725,"{'es': 616, 'en': 156, 'pt': 14, 'it': 10, 'ar': 3, 'pl': 2, 'de': 1, 'cs': 1, 'sl': 1, 'nl': 1, 'ru': 1}",es,76.43,8,11
negativo,36,245,5,0.717,"{'es': 184, 'en': 51, 'it': 4, 'de': 3, 'fr': 3}",es,75.1,7,10
positivo,72,422,8,0.715,"{'es': 324, 'en': 80, 'pt': 9, 'nl': 3, 'de': 2, 'tr': 2, 'fr': 1, 'af': 1}",es,76.78,6,10
negativo,97,242,4,0.712,"{'es': 149, 'en': 91, 'it': 1, 'fr': 1}",es,61.57,7,9
positivo,35,1484,14,0.712,"{'es': 1140, 'en': 293, 'fr': 14, 'pt': 9, 'it': 7, 'cy': 5, 'so': 4, 'de': 3, 'sv': 2, 'no': 2, 'ca': 2, 'hr': 1, 'unknown': 1, 'nl': 1}",es,76.82,8,11
positivo,45,1218,13,0.711,"{'es': 934, 'en': 243, 'nl': 9, 'fr': 7, 'de': 7, 'pt': 6, 'ca': 3, 'it': 2, 'pl': 2, 'tr': 2, 'cs': 1, 'fi': 1, 'et': 1}",es,76.68,8,9
negativo,77,499,9,0.708,"{'es': 409, 'en': 55, 'pt': 15, 'it': 6, 'fr': 4, 'de': 3, 'el': 3, 'he': 3, 'nl': 1}",es,81.96,8,12
positivo,56,642,14,0.704,"{'es': 510, 'en': 106, 'fr': 6, 'hu': 3, 'ja': 3, 'it': 2, 'tr': 2, 'no': 2, 'bg': 2, 'sv': 2, 'nl': 1, 'sl': 1, 'pl': 1, 'pt': 1}",es,79.44,6,10
negativo,29,206,4,0.703,"{'es': 138, 'en': 65, 'de': 2, 'fr': 1}",es,66.99,7,7
negativo,89,56,3,0.697,"{'es': 43, 'en': 8, 'fr': 5}",es,76.79,4,6
positivo,44,1023,17,0.697,"{'es': 807, 'en': 181, 'it': 5, 'nl': 4, 'fr': 3, 'de': 3, 'pl': 3, 'ru': 3, 'af': 3, 'pt': 2, 'sv': 2, 'tr': 2, 'fi': 1, 'lt': 1, 'mk': 1, 'ro': 1, 'hu': 1}",es,78.89,8,10
negativo,150,414,13,0.688,"{'es': 334, 'en': 61, 'nl': 8, 'pt': 2, 'it': 1, 'fr': 1, 'cs': 1, 'zh-cn': 1, 'zh-tw': 1, 'ru': 1, 'pl': 1, 'hu': 1, 'da': 1}",es,80.68,8,10
negativo,25,104,5,0.687,"{'es': 83, 'en': 15, 'de': 2, 'fr': 2, 'it': 2}",es,79.81,7,7
negativo,208,104,3,0.685,"{'es': 75, 'en': 26, 'de': 3}",es,72.12,7,8
negativo,80,108,5,0.681,"{'es': 87, 'en': 14, 'fr': 3, 'de': 3, 'it': 1}",es,80.56,5,7
negativo,10,189,3,0.68,"{'es': 127, 'en': 60, 'fr': 2}",es,67.2,5,8
negativo,24,543,12,0.679,"{'es': 449, 'en': 66, 'nl': 5, 'fr': 4, 'pt': 4, 'af': 4, 'da': 3, 'ja': 2, 'pl': 2, 'sw': 2, 'hr': 1, 'ca': 1}",es,82.69,8,9
negativo,88,170,5,0.679,"{'es': 132, 'en': 31, 'it': 3, 'fr': 3, 'de': 1}",es,77.65,5,9
positivo,39,1323,14,0.679,"{'es': 1074, 'en': 191, 'fr': 13, 'de': 12, 'pt': 9, 'it': 7, 'nl': 5, 'hr': 2, 'ro': 2, 'lt': 2, 'pl': 2, 'hu': 2, 'ru': 1, 'da': 1}",es,81.18,8,11
negativo,186,120,5,0.678,"{'es': 98, 'en': 12, 'fr': 6, 'de': 3, 'it': 1}",es,81.67,4,7
positivo,40,914,10,0.674,"{'es': 710, 'en': 175, 'pt': 11, 'nl': 8, 'de': 4, 'fr': 2, 'lv': 1, 'sv': 1, 'tr': 1, 'bg': 1}",es,77.68,8,11
negativo,30,322,5,0.666,"{'es': 247, 'en': 63, 'fr': 10, 'it': 1, 'de': 1}",es,76.71,8,9
negativo,41,207,5,0.665,"{'es': 171, 'en': 19, 'fr': 9, 'de': 5, 'it': 3}",es,82.61,7,9
negativo,73,345,5,0.662,"{'es': 266, 'en': 68, 'fr': 6, 'it': 3, 'de': 2}",es,77.1,8,11
negativo,143,356,5,0.662,"{'es': 283, 'en': 53, 'it': 16, 'fr': 3, 'de': 1}",es,79.49,8,10
positivo,62,430,7,0.662,"{'es': 340, 'en': 73, 'pt': 9, 'nl': 5, 'fr': 1, 'pl': 1, 'ja': 1}",es,79.07,7,10
negativo,160,299,5,0.661,"{'es': 232, 'en': 57, 'de': 5, 'fr': 3, 'it': 2}",es,77.59,8,10
negativo,119,243,5,0.659,"{'es': 190, 'en': 44, 'fr': 5, 'de': 3, 'it': 1}",es,78.19,6,8
negativo,185,230,5,0.655,"{'es': 190, 'en': 22, 'fr': 11, 'it': 4, 'de': 3}",es,82.61,7,8
positivo,46,1256,13,0.652,"{'es': 999, 'en': 220, 'pt': 10, 'de': 7, 'nl': 6, 'fr': 3, 'pl': 3, 'sk': 2, 'ro': 2, 'it': 1, 'ru': 1, 'sv': 1, 'da': 1}",es,79.54,8,10
negativo,133,231,4,0.647,"{'es': 164, 'en': 65, 'fr': 1, 'de': 1}",es,71.0,8,8
negativo,86,447,13,0.646,"{'es': 375, 'en': 49, 'ca': 9, 'fr': 3, 'pl': 2, 'ro': 2, 'de': 1, 'it': 1, 'cs': 1, 'pt': 1, 'da': 1, 'nl': 1, 'sv': 1}",es,83.89,8,12
negativo,181,156,5,0.641,"{'es': 129, 'en': 17, 'fr': 5, 'it': 3, 'de': 2}",es,82.69,4,7
negativo,5,80,4,0.64,"{'es': 63, 'en': 14, 'fr': 2, 'de': 1}",es,78.75,5,6
positivo,48,745,10,0.64,"{'es': 592, 'en': 133, 'pt': 6, 'pl': 3, 'de': 2, 'ko': 2, 'tr': 2, 'nl': 2, 'ja': 2, 'fi': 1}",es,79.46,7,10
negativo,33,72,5,0.637,"{'es': 60, 'en': 7, 'fr': 2, 'it': 2, 'de': 1}",es,83.33,5,6
negativo,206,140,4,0.634,"{'es': 112, 'en': 22, 'fr': 3, 'de': 3}",es,80.0,6,7
positivo,65,472,9,0.634,"{'es': 384, 'en': 71, 'pt': 6, 'hu': 4, 'ro': 2, 'et': 2, 'fr': 1, 'ca': 1, 'nl': 1}",es,81.36,7,8
positivo,60,359,3,0.632,"{'es': 249, 'en': 109, 'de': 1}",es,69.36,7,8
positivo,78,403,12,0.63,"{'es': 334, 'en': 54, 'ru': 3, 'ar': 2, 'no': 2, 'ro': 2, 'uk': 1, 'pl': 1, 'hr': 1, 'cs': 1, 'hu': 1, 'sv': 1}",es,82.88,7,10
positivo,63,270,3,0.629,"{'es': 213, 'en': 44, 'de': 13}",es,78.89,6,6
negativo,12,113,4,0.627,"{'es': 88, 'en': 22, 'it': 2, 'fr': 1}",es,77.88,4,8
negativo,18,49,3,0.627,"{'es': 37, 'en': 11, 'de': 1}",es,75.51,3,5
negativo,34,152,4,0.627,"{'es': 118, 'en': 30, 'it': 3, 'fr': 1}",es,77.63,5,8
negativo,64,128,5,0.626,"{'es': 100, 'en': 25, 'de': 1, 'it': 1, 'fr': 1}",es,78.12,4,7
negativo,118,80,3,0.626,"{'es': 59, 'en': 20, 'fr': 1}",es,73.75,6,8
negativo,197,226,4,0.62,"{'es': 179, 'en': 40, 'it': 4, 'fr': 3}",es,79.2,8,9
positivo,64,522,10,0.619,"{'es': 433, 'en': 70, 'ca': 4, 'tl': 3, 'fr': 2, 'so': 2, 'af': 2, 'pt': 2, 'ru': 2, 'el': 2}",es,82.95,7,9
positivo,50,783,12,0.617,"{'es': 644, 'en': 115, 'pt': 5, 'ca': 4, 'de': 2, 'lt': 2, 'fa': 2, 'cy': 2, 'el': 2, 'ar': 2, 'af': 2, 'pl': 1}",es,82.25,8,10
negativo,95,132,3,0.615,"{'es': 105, 'en': 21, 'fr': 6}",es,79.55,6,7
negativo,106,106,4,0.613,"{'es': 82, 'en': 22, 'fr': 1, 'it': 1}",es,77.36,6,8
negativo,9,156,3,0.612,"{'es': 121, 'en': 31, 'fr': 4}",es,77.56,7,8
negativo,102,112,4,0.608,"{'es': 91, 'en': 16, 'fr': 4, 'it': 1}",es,81.25,4,9
negativo,180,49,3,0.608,"{'es': 39, 'en': 8, 'fr': 2}",es,79.59,3,7
neutro,0,7405,25,0.604,"{'en': 6406, 'es': 520, 'ca': 171, 'fr': 156, 'it': 52, 'pt': 33, 'de': 16, 'nl': 15, 'pl': 5, 'he': 5, 'cs': 4, 'hu': 3, 'sk': 3, 'sv': 2, 'ko': 2, 'no': 2, 'zh-tw': 2, 'af': 1, 'zh-cn': 1, 'mk': 1, 'fi': 1, 'lt': 1, 'el': 1, 'ru': 1, 'id': 1}",en,86.51,8,12
neutro,17,3166,10,0.604,"{'en': 2671, 'es': 301, 'ca': 105, 'fr': 71, 'de': 7, 'pt': 3, 'it': 2, 'sv': 2, 'nl': 2, 'vi': 2}",en,84.37,8,10
negativo,183,131,3,0.602,"{'es': 102, 'en': 26, 'fr': 3}",es,77.86,4,6
negativo,152,192,5,0.601,"{'es': 158, 'en': 26, 'fr': 5, 'de': 2, 'it': 1}",es,82.29,6,8
negativo,200,125,4,0.601,"{'es': 97, 'en': 26, 'de': 1, 'fr': 1}",es,77.6,5,8
negativo,43,116,3,0.6,"{'es': 87, 'en': 28, 'it': 1}",es,75.0,5,8
neutro,89,1979,4,0.597,"{'en': 1675, 'es': 108, 'ca': 101, 'fr': 95}",en,84.64,8,8
negativo,7,138,4,0.596,"{'es': 111, 'en': 23, 'fr': 2, 'de': 2}",es,80.43,3,5
positivo,75,633,7,0.595,"{'es': 530, 'en': 76, 'fr': 10, 'pt': 10, 'cs': 4, 'pl': 2, 'nl': 1}",es,83.73,6,9
negativo,172,199,5,0.593,"{'es': 162, 'en': 31, 'fr': 3, 'it': 2, 'de': 1}",es,81.41,7,9
negativo,108,134,4,0.592,"{'es': 108, 'en': 22, 'fr': 3, 'de': 1}",es,80.6,4,9
negativo,40,152,4,0.589,"{'es': 125, 'en': 21, 'de': 3, 'it': 3}",es,82.24,6,6
positivo,58,168,3,0.589,"{'es': 129, 'en': 37, 'de': 2}",es,76.79,5,8
negativo,178,296,5,0.587,"{'es': 242, 'en': 45, 'fr': 4, 'it': 4, 'de': 1}",es,81.76,7,11
neutro,15,3450,12,0.587,"{'en': 2968, 'es': 208, 'ca': 154, 'fr': 95, 'it': 6, 'pl': 3, 'tr': 3, 'cs': 3, 'de': 3, 'sk': 3, 'ro': 3, 'el': 1}",en,86.03,8,10
positivo,74,189,3,0.586,"{'es': 142, 'en': 46, 'it': 1}",es,75.13,6,7
negativo,26,155,4,0.585,"{'es': 125, 'en': 26, 'fr': 2, 'de': 2}",es,80.65,6,9
negativo,117,128,4,0.585,"{'es': 105, 'en': 18, 'it': 4, 'fr': 1}",es,82.03,6,7
neutro,119,1533,4,0.585,"{'en': 1299, 'fr': 120, 'ca': 59, 'es': 55}",en,84.74,8,5
positivo,47,842,6,0.584,"{'es': 685, 'en': 132, 'pt': 20, 'fr': 2, 'nl': 2, 'da': 1}",es,81.35,7,11
neutro,51,2526,5,0.582,"{'en': 2156, 'ca': 157, 'es': 106, 'fr': 103, 'it': 4}",en,85.35,8,8
negativo,177,299,5,0.579,"{'es': 247, 'en': 42, 'it': 5, 'fr': 4, 'de': 1}",es,82.61,7,9
negativo,196,200,5,0.579,"{'es': 161, 'en': 35, 'fr': 2, 'de': 1, 'it': 1}",es,80.5,8,10
positivo,70,210,3,0.572,"{'es': 160, 'en': 49, 'fr': 1}",es,76.19,7,6
negativo,179,322,3,0.571,"{'es': 247, 'en': 73, 'fr': 2}",es,76.71,7,9
neutro,38,3276,6,0.571,"{'en': 2827, 'es': 180, 'ca': 137, 'fr': 109, 'pt': 18, 'it': 5}",en,86.29,8,10
negativo,62,109,3,0.569,"{'es': 88, 'en': 18, 'fr': 3}",es,80.73,4,9
negativo,16,331,3,0.566,"{'es': 252, 'en': 78, 'de': 1}",es,76.13,8,9
negativo,84,235,5,0.556,"{'es': 196, 'en': 32, 'fr': 4, 'de': 2, 'it': 1}",es,83.4,8,11
neutro,9,4189,17,0.554,"{'en': 3677, 'es': 181, 'ca': 145, 'fr': 140, 'it': 13, 'ar': 8, 'nl': 4, 'de': 4, 'af': 3, 'pt': 3, 'da': 2, 'ru': 2, 'he': 2, 'cs': 2, 'pl': 1, 'uk': 1, 'hu': 1}",en,87.78,8,12
negativo,79,167,4,0.551,"{'es': 139, 'en': 23, 'fr': 3, 'it': 2}",es,83.23,5,9
negativo,156,189,4,0.551,"{'es': 156, 'en': 28, 'fr': 4, 'de': 1}",es,82.54,8,10
negativo,176,329,5,0.551,"{'es': 273, 'en': 48, 'fr': 4, 'it': 2, 'de': 2}",es,82.98,8,11
negativo,87,123,3,0.55,"{'es': 97, 'en': 25, 'fr': 1}",es,78.86,5,8
neutro,74,2709,4,0.548,"{'en': 2339, 'es': 140, 'fr': 129, 'ca': 101}",en,86.34,8,10
positivo,42,1077,8,0.548,"{'es': 908, 'en': 139, 'pt': 16, 'fr': 3, 'nl': 3, 'ro': 3, 'pl': 3, 'de': 2}",es,84.31,8,11
positivo,55,367,4,0.546,"{'es': 292, 'en': 72, 'de': 2, 'it': 1}",es,79.56,7,7
neutro,7,3132,10,0.544,"{'en': 2738, 'fr': 151, 'es': 147, 'ca': 73, 'it': 7, 'ar': 4, 'hu': 3, 'nl': 3, 'tr': 3, 'pt': 3}",en,87.42,8,11
negativo,175,72,3,0.543,"{'es': 58, 'en': 13, 'fr': 1}",es,80.56,4,7
neutro,34,3015,5,0.543,"{'en': 2611, 'es': 138, 'ca': 136, 'fr': 129, 'it': 1}",en,86.6,8,10
negativo,52,108,5,0.541,"{'es': 92, 'en': 12, 'de': 2, 'it': 1, 'fr': 1}",es,85.19,6,9
neutro,11,3585,10,0.54,"{'en': 3133, 'fr': 179, 'es': 145, 'ca': 105, 'pt': 15, 'it': 3, 'nl': 2, 'tr': 1, 'uk': 1, 'de': 1}",en,87.39,8,10
negativo,147,164,5,0.538,"{'es': 141, 'en': 16, 'de': 3, 'fr': 2, 'it': 2}",es,85.98,6,10
neutro,30,3535,9,0.535,"{'en': 3108, 'fr': 166, 'ca': 114, 'es': 113, 'it': 15, 'de': 11, 'nl': 5, 'pt': 2, 'lt': 1}",en,87.92,8,11
neutro,58,2397,4,0.535,"{'en': 2077, 'ca': 126, 'es': 125, 'fr': 69}",en,86.65,8,11
negativo,194,130,3,0.533,"{'es': 104, 'en': 25, 'de': 1}",es,80.0,5,6
negativo,122,109,5,0.532,"{'es': 94, 'en': 10, 'de': 3, 'fr': 1, 'it': 1}",es,86.24,5,8
neutro,63,2798,4,0.526,"{'en': 2433, 'ca': 166, 'fr': 103, 'es': 96}",en,86.95,8,7
neutro,121,1625,4,0.524,"{'en': 1416, 'fr': 79, 'es': 66, 'ca': 64}",en,87.14,8,5
negativo,205,119,5,0.523,"{'es': 102, 'en': 13, 'it': 2, 'de': 1, 'fr': 1}",es,85.71,6,9
neutro,72,2881,5,0.523,"{'en': 2504, 'ca': 205, 'es': 115, 'fr': 51, 'it': 6}",en,86.91,8,9
neutro,70,2661,5,0.522,"{'en': 2322, 'es': 164, 'fr': 100, 'ca': 69, 'it': 6}",en,87.26,8,10
negativo,195,42,3,0.519,"{'es': 35, 'en': 6, 'de': 1}",es,83.33,4,7
neutro,69,2292,5,0.517,"{'en': 2005, 'es': 137, 'ca': 82, 'fr': 63, 'it': 5}",en,87.48,8,8
neutro,43,3779,13,0.513,"{'en': 3350, 'ca': 152, 'fr': 138, 'es': 109, 'it': 9, 'de': 7, 'nl': 4, 'ru': 3, 'bg': 2, 'pt': 2, 'ro': 1, 'cs': 1, 'pl': 1}",en,88.65,8,11
neutro,62,2558,5,0.513,"{'en': 2239, 'es': 169, 'ca': 75, 'fr': 67, 'it': 8}",en,87.53,8,10
neutro,24,6396,17,0.512,"{'en': 5692, 'es': 298, 'ca': 221, 'fr': 99, 'de': 27, 'nl': 25, 'it': 9, 'pl': 5, 'pt': 4, 'sv': 4, 'cs': 3, 'da': 2, 'ru': 2, 'af': 2, 'fi': 1, 'no': 1, 'ro': 1}",en,88.99,8,11
negativo,110,119,4,0.511,"{'es': 102, 'en': 13, 'fr': 2, 'it': 2}",es,85.71,4,9
neutro,66,2319,5,0.51,"{'en': 2029, 'es': 131, 'ca': 110, 'fr': 46, 'it': 3}",en,87.49,8,10
neutro,28,4013,14,0.509,"{'en': 3568, 'es': 178, 'ca': 142, 'fr': 83, 'it': 14, 'de': 10, 'nl': 4, 'pl': 4, 'ru': 3, 'da': 2, 'pt': 2, 'ro': 1, 'no': 1, 'hr': 1}",en,88.91,8,12
neutro,107,1590,4,0.504,"{'en': 1396, 'es': 72, 'fr': 67, 'ca': 55}",en,87.8,8,5
neutro,6,4328,16,0.5,"{'en': 3865, 'ca': 194, 'es': 113, 'fr': 108, 'it': 14, 'pt': 10, 'de': 6, 'nl': 4, 'ko': 4, 'pl': 3, 'hu': 2, 'lv': 1, 'zh-tw': 1, 'tr': 1, 'ro': 1, 'fi': 1}",en,89.3,8,11
positivo,54,565,9,0.498,"{'es': 494, 'en': 53, 'pt': 8, 'pl': 5, 'fr': 1, 'nl': 1, 'sl': 1, 'hu': 1, 'tr': 1}",es,87.43,7,9
neutro,45,4126,17,0.497,"{'en': 3682, 'ca': 196, 'es': 117, 'fr': 93, 'it': 8, 'nl': 8, 'de': 5, 'pt': 3, 'ru': 3, 'ro': 3, 'hu': 2, 'pl': 1, 'sv': 1, 'hr': 1, 'cs': 1, 'lt': 1, 'fi': 1}",en,89.24,8,12
neutro,76,2461,5,0.489,"{'en': 2177, 'ca': 113, 'es': 99, 'fr': 68, 'it': 4}",en,88.46,8,8
negativo,66,188,5,0.486,"{'es': 164, 'en': 18, 'fr': 3, 'it': 2, 'de': 1}",es,87.23,6,6
neutro,41,3488,13,0.486,"{'en': 3098, 'es': 196, 'fr': 129, 'ca': 44, 'de': 7, 'nl': 6, 'it': 2, 'tr': 1, 'he': 1, 'sv': 1, 'pl': 1, 'lv': 1, 'da': 1}",en,88.82,8,10
neutro,48,3895,11,0.486,"{'en': 3482, 'fr': 149, 'ca': 121, 'es': 113, 'pt': 10, 'it': 8, 'de': 5, 'af': 3, 'nl': 2, 'hr': 1, 'cs': 1}",en,89.4,8,11
neutro,68,2271,5,0.485,"{'en': 2012, 'fr': 100, 'es': 88, 'ca': 68, 'it': 3}",en,88.6,8,8
neutro,77,2905,5,0.485,"{'en': 2570, 'es': 161, 'ca': 105, 'fr': 63, 'it': 6}",en,88.47,8,9
neutro,19,8339,25,0.48,"{'en': 7552, 'es': 386, 'fr': 112, 'ca': 105, 'it': 59, 'pt': 35, 'tl': 20, 'id': 13, 'nl': 7, 'no': 7, 'de': 6, 'et': 5, 'lt': 4, 'ro': 4, 'pl': 4, 'hu': 4, 'sv': 3, 'sw': 2, 'sl': 2, 'hr': 2, 'cy': 2, 'sk': 2, 'da': 1, 'lv': 1, 'zh-tw': 1}",en,90.56,8,12
neutro,25,3091,12,0.48,"{'en': 2763, 'fr': 126, 'es': 115, 'ca': 68, 'it': 4, 'nl': 4, 'pt': 4, 'ro': 3, 'sv': 1, 'no': 1, 'cs': 1, 'de': 1}",en,89.39,8,9
neutro,47,2986,5,0.477,"{'en': 2636, 'es': 163, 'ca': 145, 'fr': 41, 'it': 1}",en,88.28,8,8
neutro,64,2820,5,0.477,"{'en': 2501, 'ca': 131, 'es': 126, 'fr': 58, 'it': 4}",en,88.69,8,9
neutro,120,1688,4,0.469,"{'en': 1495, 'ca': 106, 'es': 50, 'fr': 37}",en,88.57,8,5
positivo,67,385,4,0.468,"{'es': 323, 'en': 60, 'de': 1, 'fr': 1}",es,83.9,7,8
negativo,109,239,3,0.467,"{'es': 203, 'en': 33, 'fr': 3}",es,84.94,7,9
negativo,151,272,4,0.467,"{'es': 233, 'en': 35, 'fr': 3, 'it': 1}",es,85.66,7,7
negativo,141,141,4,0.466,"{'es': 124, 'en': 11, 'fr': 5, 'de': 1}",es,87.94,5,8
negativo,116,153,4,0.465,"{'es': 131, 'en': 20, 'fr': 1, 'de': 1}",es,85.62,6,7
neutro,56,2482,5,0.465,"{'en': 2216, 'fr': 113, 'ca': 87, 'es': 59, 'it': 7}",en,89.28,8,11
positivo,61,275,4,0.462,"{'es': 233, 'en': 40, 'de': 1, 'it': 1}",es,84.73,6,8
neutro,65,2754,5,0.46,"{'en': 2462, 'fr': 124, 'ca': 94, 'es': 68, 'it': 6}",en,89.4,8,8
negativo,140,108,3,0.457,"{'es': 93, 'en': 13, 'fr': 2}",es,86.11,5,7
neutro,1,3062,9,0.455,"{'en': 2750, 'es': 143, 'ca': 106, 'fr': 47, 'de': 7, 'pt': 5, 'nl': 2, 'it': 1, 'ja': 1}",en,89.81,8,8
neutro,20,6744,18,0.453,"{'en': 6127, 'es': 253, 'ca': 194, 'fr': 69, 'de': 33, 'nl': 19, 'it': 15, 'ru': 8, 'cs': 5, 'sv': 3, 'da': 3, 'pl': 3, 'pt': 3, 'fi': 3, 'hu': 2, 'el': 2, 'af': 1, 'no': 1}",en,90.85,8,11
neutro,50,2571,5,0.453,"{'en': 2299, 'ca': 132, 'fr': 75, 'es': 62, 'it': 3}",en,89.42,8,9
negativo,93,140,3,0.452,"{'es': 122, 'en': 14, 'fr': 4}",es,87.14,5,8
negativo,63,97,3,0.451,"{'es': 84, 'en': 11, 'de': 2}",es,86.6,5,8
neutro,16,6160,20,0.451,"{'en': 5619, 'es': 197, 'ca': 152, 'fr': 77, 'it': 39, 'pt': 28, 'de': 17, 'nl': 7, 'el': 6, 'hu': 3, 'sl': 3, 'pl': 2, 'hr': 2, 'ar': 2, 'bg': 1, 'ko': 1, 'et': 1, 'ro': 1, 'da': 1, 'ru': 1}",en,91.22,8,11
negativo,8,245,3,0.45,"{'es': 207, 'en': 37, 'fr': 1}",es,84.49,8,10
negativo,135,228,3,0.45,"{'es': 197, 'en': 27, 'fr': 4}",es,86.4,8,8
negativo,189,149,4,0.45,"{'es': 130, 'en': 16, 'it': 2, 'fr': 1}",es,87.25,4,8
neutro,44,4251,18,0.45,"{'en': 3856, 'es': 135, 'fr': 127, 'ca': 97, 'de': 8, 'pt': 6, 'nl': 4, 'pl': 4, 'el': 2, 'ko': 2, 'tr': 2, 'it': 2, 'ru': 1, 'sv': 1, 'ar': 1, 'lv': 1, 'hr': 1, 'ja': 1}",en,90.71,8,12
neutro,12,3737,10,0.449,"{'en': 3379, 'es': 161, 'fr': 94, 'ca': 72, 'it': 10, 'nl': 6, 'de': 6, 'pt': 5, 'pl': 2, 'hr': 2}",en,90.42,8,12
neutro,137,1145,4,0.447,"{'en': 1024, 'fr': 59, 'es': 38, 'ca': 24}",en,89.43,8,5
neutro,26,3232,10,0.443,"{'en': 2924, 'es': 130, 'ca': 97, 'fr': 58, 'pt': 10, 'it': 6, 'de': 3, 'el': 2, 'lt': 1, 'nl': 1}",en,90.47,8,9
neutro,13,3354,12,0.442,"{'en': 3045, 'fr': 117, 'es': 87, 'ca': 76, 'it': 11, 'pt': 5, 'no': 3, 'cs': 3, 'ar': 3, 'de': 2, 'el': 1, 'nl': 1}",en,90.79,8,13
neutro,83,2019,4,0.442,"{'en': 1812, 'ca': 86, 'fr': 63, 'es': 58}",en,89.75,8,5
negativo,136,145,3,0.441,"{'es': 124, 'en': 20, 'it': 1}",es,85.52,5,9
neutro,131,1509,4,0.441,"{'en': 1352, 'ca': 76, 'fr': 51, 'es': 30}",en,89.6,8,5
neutro,61,2776,5,0.439,"{'en': 2496, 'ca': 103, 'fr': 99, 'es': 77, 'it': 1}",en,89.91,8,10
positivo,71,232,4,0.439,"{'es': 200, 'en': 30, 'fr': 1, 'de': 1}",es,86.21,6,7
neutro,40,4423,17,0.438,"{'en': 4020, 'ca': 168, 'es': 126, 'fr': 72, 'nl': 11, 'pt': 5, 'de': 4, 'el': 4, 'pl': 3, 'zh-tw': 2, 'ru': 2, 'tr': 1, 'uk': 1, 'fi': 1, 'sv': 1, 'ar': 1, 'cs': 1}",en,90.89,8,10
neutro,46,5930,19,0.438,"{'en': 5406, 'es': 222, 'ca': 173, 'fr': 42, 'de': 26, 'it': 15, 'pt': 13, 'pl': 13, 'nl': 6, 'ja': 2, 'el': 2, 'he': 2, 'fi': 2, 'no': 1, 'hu': 1, 'sv': 1, 'ru': 1, 'bg': 1, 'da': 1}",en,91.16,8,11
negativo,76,154,3,0.437,"{'es': 132, 'en': 21, 'fr': 1}",es,85.71,6,8
negativo,187,121,3,0.437,"{'es': 104, 'en': 16, 'de': 1}",es,85.95,4,7
neutro,42,3418,11,0.437,"{'en': 3108, 'es': 94, 'fr': 94, 'ca': 94, 'it': 9, 'de': 6, 'nl': 4, 'pt': 3, 'sv': 3, 'sk': 2, 'hu': 1}",en,90.93,8,12
neutro,96,2197,4,0.437,"{'en': 1971, 'ca': 118, 'fr': 57, 'es': 51}",en,89.71,8,5
negativo,104,200,3,0.436,"{'es': 171, 'en': 28, 'fr': 1}",es,85.5,6,9
neutro,49,2361,4,0.436,"{'en': 2119, 'es': 123, 'fr': 68, 'ca': 51}",en,89.75,8,7
neutro,54,2509,5,0.436,"{'en': 2256, 'ca': 128, 'es': 66, 'fr': 56, 'it': 3}",en,89.92,8,8
neutro,10,3632,12,0.434,"{'en': 3302, 'es': 140, 'ca': 90, 'fr': 69, 'it': 11, 'de': 9, 'pt': 4, 'nl': 2, 'ru': 2, 'fi': 1, 'da': 1, 'pl': 1}",en,90.91,8,12
neutro,57,2732,5,0.434,"{'en': 2462, 'es': 107, 'fr': 95, 'ca': 65, 'it': 3}",en,90.12,8,7
neutro,132,1554,4,0.433,"{'en': 1392, 'ca': 75, 'fr': 71, 'es': 16}",en,89.58,8,5
neutro,33,4997,21,0.432,"{'en': 4564, 'ca': 165, 'es': 131, 'fr': 80, 'de': 24, 'nl': 10, 'it': 3, 'da': 3, 'pt': 3, 'pl': 2, 'tr': 2, 'cs': 1, 'bg': 1, 'sv': 1, 'ja': 1, 'el': 1, 'sk': 1, 'ko': 1, 'ru': 1, 'hr': 1, 'no': 1}",en,91.33,8,12
neutro,23,5267,12,0.431,"{'en': 4814, 'es': 170, 'ca': 130, 'fr': 79, 'de': 30, 'pt': 13, 'it': 10, 'nl': 8, 'pl': 5, 'sv': 5, 'no': 2, 'da': 1}",en,91.4,8,12
positivo,57,192,4,0.43,"{'es': 167, 'en': 23, 'it': 1, 'de': 1}",es,86.98,7,7
negativo,51,319,3,0.429,"{'es': 280, 'en': 32, 'fr': 7}",es,87.77,7,9
negativo,98,138,3,0.429,"{'es': 119, 'en': 18, 'fr': 1}",es,86.23,6,7
neutro,29,3197,13,0.429,"{'en': 2909, 'es': 128, 'ca': 78, 'fr': 59, 'it': 6, 'ja': 3, 'pt': 3, 'ru': 3, 'uk': 2, 'de': 2, 'nl': 2, 'hu': 1, 'bg': 1}",en,90.99,8,12
negativo,28,173,5,0.427,"{'es': 156, 'en': 10, 'fr': 4, 'it': 2, 'de': 1}",es,90.17,5,8
neutro,3,4683,18,0.427,"{'en': 4283, 'ca': 142, 'es': 140, 'fr': 63, 'it': 15, 'pt': 14, 'da': 8, 'de': 5, 'nl': 2, 'ru': 2, 'lv': 2, 'bg': 1, 'pl': 1, 'tr': 1, 'fi': 1, 'uk': 1, 'ro': 1, 'af': 1}",en,91.46,8,11
neutro,79,2858,4,0.427,"{'en': 2571, 'es': 153, 'fr': 81, 'ca': 53}",en,89.96,8,7
negativo,60,228,4,0.426,"{'es': 201, 'en': 23, 'fr': 2, 'de': 2}",es,88.16,7,8
negativo,120,140,3,0.426,"{'es': 123, 'en': 14, 'fr': 3}",es,87.86,6,9
positivo,69,348,3,0.426,"{'es': 298, 'en': 49, 'de': 1}",es,85.63,6,10
neutro,60,2441,5,0.424,"{'en': 2195, 'fr': 119, 'ca': 105, 'es': 19, 'it': 3}",en,89.92,8,8
neutro,128,1580,4,0.422,"{'en': 1428, 'ca': 55, 'fr': 49, 'es': 48}",en,90.38,8,5
neutro,129,795,4,0.419,"{'en': 718, 'fr': 38, 'es': 21, 'ca': 18}",en,90.31,8,5
negativo,91,237,3,0.415,"{'es': 205, 'en': 31, 'fr': 1}",es,86.5,7,9
neutro,8,3322,13,0.414,"{'en': 3033, 'es': 131, 'ca': 82, 'fr': 56, 'nl': 5, 'hu': 4, 'de': 3, 'it': 2, 'el': 2, 'tr': 1, 'pt': 1, 'sv': 1, 'ro': 1}",en,91.3,8,11
neutro,82,2108,4,0.414,"{'en': 1906, 'ca': 94, 'es': 74, 'fr': 34}",en,90.42,8,6
negativo,83,275,3,0.412,"{'es': 238, 'en': 36, 'fr': 1}",es,86.55,8,9
neutro,22,4881,18,0.412,"{'en': 4487, 'es': 169, 'ca': 87, 'fr': 82, 'de': 13, 'nl': 10, 'it': 6, 'pt': 5, 'fi': 4, 'tr': 4, 'pl': 3, 'ro': 3, 'af': 2, 'ko': 2, 'hu': 1, 'cs': 1, 'hr': 1, 'ru': 1}",en,91.93,8,12
neutro,2,5114,18,0.407,"{'en': 4723, 'es': 153, 'fr': 90, 'ca': 62, 'it': 25, 'de': 18, 'pt': 13, 'nl': 8, 'tr': 3, 'cs': 3, 'ko': 3, 'da': 3, 'pl': 2, 'ru': 2, 'lv': 2, 'lt': 2, 'sk': 1, 'ro': 1}",en,92.35,8,13
neutro,81,1902,4,0.406,"{'en': 1728, 'fr': 65, 'ca': 60, 'es': 49}",en,90.85,8,6
neutro,91,1919,4,0.406,"{'en': 1742, 'ca': 75, 'es': 64, 'fr': 38}",en,90.78,8,5
neutro,86,2135,4,0.402,"{'en': 1935, 'ca': 116, 'es': 44, 'fr': 40}",en,90.63,8,5
neutro,105,1744,4,0.397,"{'en': 1588, 'es': 70, 'ca': 46, 'fr': 40}",en,91.06,8,5
neutro,14,4077,14,0.394,"{'en': 3767, 'es': 120, 'ca': 77, 'fr': 53, 'it': 32, 'de': 7, 'pl': 6, 'pt': 4, 'nl': 3, 'af': 2, 'sl': 2, 'cs': 2, 'ko': 1, 'da': 1}",en,92.4,8,11
positivo,80,314,4,0.392,"{'es': 277, 'en': 35, 'it': 1, 'fr': 1}",es,88.22,6,7
neutro,67,2410,5,0.389,"{'en': 2203, 'es': 83, 'ca': 73, 'fr': 49, 'it': 2}",en,91.41,8,9
negativo,56,248,3,0.387,"{'es': 218, 'en': 29, 'fr': 1}",es,87.9,5,9
neutro,32,5565,21,0.385,"{'en': 5153, 'ca': 187, 'es': 110, 'fr': 42, 'pt': 23, 'de': 12, 'nl': 10, 'it': 8, 'el': 3, 'ar': 3, 'he': 2, 'ko': 2, 'zh-tw': 2, 'uk': 1, 'af': 1, 'hu': 1, 'hr': 1, 'fi': 1, 'no': 1, 'pl': 1, 'sk': 1}",en,92.6,8,11
neutro,53,2601,5,0.385,"{'en': 2369, 'es': 112, 'ca': 101, 'fr': 17, 'it': 2}",en,91.08,8,9
neutro,106,1544,4,0.385,"{'en': 1412, 'fr': 54, 'es': 41, 'ca': 37}",en,91.45,8,5
neutro,111,1039,4,0.385,"{'en': 942, 'es': 68, 'ca': 19, 'fr': 10}",en,90.66,8,5
neutro,112,1850,4,0.382,"{'en': 1689, 'ca': 86, 'es': 49, 'fr': 26}",en,91.3,8,5
neutro,75,2342,5,0.381,"{'en': 2132, 'es': 115, 'ca': 84, 'fr': 8, 'it': 3}",en,91.03,8,7
neutro,21,5743,20,0.377,"{'en': 5319, 'es': 215, 'ca': 105, 'fr': 34, 'de': 23, 'nl': 16, 'pl': 6, 'pt': 6, 'it': 5, 'hu': 3, 'fi': 2, 'zh-cn': 1, 'ro': 1, 'sk': 1, 'da': 1, 'lv': 1, 'af': 1, 'ko': 1, 'ru': 1, 'el': 1}",en,92.62,8,12
neutro,98,2013,4,0.377,"{'en': 1840, 'ca': 93, 'es': 54, 'fr': 26}",en,91.41,8,5
neutro,18,4770,16,0.376,"{'en': 4421, 'es': 164, 'fr': 70, 'ca': 62, 'de': 18, 'it': 12, 'pt': 7, 'nl': 4, 'pl': 3, 'da': 2, 'cs': 2, 'ro': 1, 'ja': 1, 'sv': 1, 'lv': 1, 'ko': 1}",en,92.68,8,12
neutro,88,2166,4,0.376,"{'en': 1982, 'es': 99, 'ca': 51, 'fr': 34}",en,91.51,8,6
neutro,90,1995,4,0.375,"{'en': 1822, 'fr': 91, 'ca': 66, 'es': 16}",en,91.33,8,5
negativo,74,294,3,0.374,"{'es': 260, 'en': 33, 'fr': 1}",es,88.44,7,11
neutro,84,2182,4,0.374,"{'en': 1997, 'ca': 95, 'es': 63, 'fr': 27}",en,91.52,8,6
negativo,49,159,4,0.373,"{'es': 143, 'en': 14, 'it': 1, 'fr': 1}",es,89.94,5,6
neutro,101,1717,4,0.372,"{'en': 1570, 'fr': 90, 'es': 29, 'ca': 28}",en,91.44,8,5
negativo,50,49,4,0.368,"{'es': 45, 'it': 2, 'en': 1, 'fr': 1}",es,91.84,3,4
neutro,113,1633,4,0.368,"{'en': 1493, 'es': 79, 'fr': 51, 'ca': 10}",en,91.43,8,5
neutro,139,1781,4,0.365,"{'en': 1639, 'es': 53, 'ca': 51, 'fr': 38}",en,92.03,8,5
neutro,37,3685,13,0.362,"{'en': 3420, 'fr': 90, 'ca': 82, 'es': 72, 'pt': 6, 'de': 5, 'nl': 3, 'lt': 2, 'lv': 1, 'sv': 1, 'ja': 1, 'fi': 1, 'bg': 1}",en,92.81,8,11
neutro,27,2948,5,0.354,"{'en': 2726, 'fr': 84, 'ca': 68, 'es': 67, 'it': 3}",en,92.47,8,9
neutro,133,1570,4,0.35,"{'en': 1451, 'ca': 50, 'es': 39, 'fr': 30}",en,92.42,8,5
neutro,141,660,4,0.35,"{'en': 610, 'fr': 21, 'es': 15, 'ca': 14}",en,92.42,8,5
neutro,92,2093,5,0.347,"{'en': 1936, 'fr': 78, 'ca': 50, 'es': 27, 'it': 2}",en,92.5,8,6
neutro,104,1827,4,0.345,"{'en': 1690, 'fr': 58, 'ca': 52, 'es': 27}",en,92.5,8,5
negativo,46,87,4,0.344,"{'es': 80, 'en': 5, 'fr': 1, 'it': 1}",es,91.95,4,6
neutro,122,1503,4,0.344,"{'en': 1392, 'fr': 44, 'es': 37, 'ca': 30}",en,92.61,8,5
neutro,4,5385,15,0.343,"{'en': 5046, 'es': 139, 'ca': 72, 'fr': 53, 'de': 23, 'pt': 16, 'nl': 16, 'it': 10, 'zh-cn': 2, 'lt': 2, 'pl': 2, 'hu': 1, 'fi': 1, 'ru': 1, 'sl': 1}",en,93.7,8,13
neutro,110,1807,4,0.343,"{'en': 1673, 'fr': 58, 'ca': 45, 'es': 31}",en,92.58,8,5
neutro,71,2424,5,0.34,"{'en': 2249, 'fr': 76, 'ca': 69, 'es': 24, 'it': 6}",en,92.78,8,9
neutro,123,1525,4,0.34,"{'en': 1412, 'ca': 59, 'es': 29, 'fr': 25}",en,92.59,8,5
neutro,100,2075,4,0.339,"{'en': 1925, 'ca': 55, 'fr': 48, 'es': 47}",en,92.77,8,5
neutro,103,1791,4,0.339,"{'en': 1657, 'ca': 74, 'fr': 39, 'es': 21}",en,92.52,8,5
neutro,73,2253,4,0.337,"{'en': 2091, 'es': 59, 'fr': 55, 'ca': 48}",en,92.81,8,9
negativo,78,113,4,0.332,"{'es': 104, 'en': 7, 'it': 1, 'fr': 1}",es,92.04,5,6
neutro,87,1930,4,0.327,"{'en': 1794, 'ca': 60, 'es': 53, 'fr': 23}",en,92.95,8,6
positivo,73,250,4,0.326,"{'es': 231, 'en': 14, 'de': 3, 'it': 2}",es,92.4,6,4
negativo,101,341,4,0.325,"{'es': 312, 'en': 26, 'de': 2, 'fr': 1}",es,91.5,8,10
neutro,85,2125,4,0.323,"{'en': 1980, 'ca': 56, 'es': 48, 'fr': 41}",en,93.18,8,6
neutro,97,1941,4,0.323,"{'en': 1805, 'ca': 71, 'fr': 45, 'es': 20}",en,92.99,8,5
neutro,5,3844,12,0.32,"{'en': 3603, 'es': 133, 'ca': 45, 'fr': 37, 'de': 8, 'pt': 6, 'it': 4, 'nl': 2, 'ja': 2, 'cs': 2, 'da': 1, 'af': 1}",en,93.73,8,10
neutro,36,3954,12,0.319,"{'en': 3715, 'ca': 88, 'es': 68, 'fr': 58, 'de': 8, 'pt': 4, 'it': 3, 'af': 3, 'pl': 2, 'fi': 2, 'nl': 2, 'ru': 1}",en,93.96,8,12
neutro,80,2222,4,0.319,"{'en': 2073, 'ca': 58, 'fr': 47, 'es': 44}",en,93.29,8,6
neutro,116,1614,4,0.316,"{'en': 1504, 'es': 63, 'ca': 24, 'fr': 23}",en,93.18,8,5
neutro,39,4599,16,0.309,"{'en': 4342, 'ca': 104, 'es': 72, 'fr': 35, 'pt': 15, 'de': 9, 'it': 6, 'cs': 4, 'nl': 3, 'ar': 2, 'ro': 2, 'sk': 1, 'ko': 1, 'hu': 1, 'pl': 1, 'tr': 1}",en,94.41,8,12
negativo,21,123,3,0.308,"{'es': 114, 'en': 6, 'fr': 3}",es,92.68,6,6
neutro,78,2380,4,0.308,"{'en': 2224, 'fr': 82, 'es': 47, 'ca': 27}",en,93.45,8,7
neutro,145,180,3,0.307,"{'en': 165, 'es': 14, 'ca': 1}",en,91.67,8,5
neutro,109,1606,4,0.302,"{'en': 1505, 'ca': 43, 'es': 36, 'fr': 22}",en,93.71,8,5
neutro,102,1727,4,0.298,"{'en': 1620, 'fr': 46, 'ca': 39, 'es': 22}",en,93.8,8,5
negativo,15,308,3,0.295,"{'es': 283, 'en': 24, 'fr': 1}",es,91.88,8,10
neutro,31,4501,17,0.291,"{'en': 4272, 'es': 99, 'ca': 47, 'fr': 34, 'de': 14, 'it': 10, 'nl': 6, 'da': 4, 'sv': 3, 'no': 2, 'tr': 2, 'el': 2, 'pt': 2, 'ja': 1, 'ru': 1, 'pl': 1, 'fi': 1}",en,94.91,8,11
neutro,52,2624,5,0.284,"{'en': 2471, 'ca': 93, 'es': 31, 'fr': 19, 'it': 10}",en,94.17,8,8
neutro,130,1659,4,0.281,"{'en': 1558, 'ca': 68, 'fr': 21, 'es': 12}",en,93.91,8,5
neutro,138,1873,4,0.273,"{'en': 1768, 'fr': 55, 'ca': 31, 'es': 19}",en,94.39,8,5
neutro,125,1482,4,0.271,"{'en': 1398, 'ca': 43, 'es': 33, 'fr': 8}",en,94.33,8,5
negativo,61,170,3,0.27,"{'es': 159, 'en': 9, 'fr': 2}",es,93.53,4,8
neutro,136,1266,4,0.263,"{'en': 1190, 'fr': 60, 'es': 14, 'ca': 2}",en,94.0,8,5
neutro,126,1647,3,0.262,"{'en': 1551, 'fr': 55, 'ca': 41}",en,94.17,8,4
neutro,94,1961,4,0.261,"{'en': 1855, 'fr': 55, 'ca': 40, 'es': 11}",en,94.59,8,5
neutro,93,2058,4,0.258,"{'en': 1952, 'ca': 49, 'es': 30, 'fr': 27}",en,94.85,8,6
neutro,55,2683,5,0.257,"{'en': 2545, 'es': 67, 'ca': 51, 'fr': 18, 'it': 2}",en,94.86,8,9
negativo,45,140,3,0.251,"{'es': 132, 'en': 6, 'de': 2}",es,94.29,4,7
neutro,95,2149,4,0.25,"{'en': 2042, 'es': 44, 'ca': 42, 'fr': 21}",en,95.02,8,5
negativo,58,170,3,0.243,"{'es': 160, 'en': 9, 'de': 1}",es,94.12,4,6
neutro,127,1766,4,0.243,"{'en': 1677, 'ca': 51, 'es': 32, 'fr': 6}",en,94.96,8,5
neutro,115,1702,4,0.242,"{'en': 1616, 'es': 53, 'ca': 28, 'fr': 5}",en,94.95,8,5
neutro,59,2305,5,0.234,"{'en': 2200, 'es': 51, 'ca': 39, 'fr': 12, 'it': 3}",en,95.44,8,8
neutro,99,2037,4,0.229,"{'en': 1946, 'es': 44, 'fr': 26, 'ca': 21}",en,95.53,8,5
neutro,134,1433,3,0.219,"{'en': 1361, 'ca': 62, 'es': 10}",en,94.98,8,5
positivo,112,48,3,0.202,"{'es': 46, 'fr': 1, 'en': 1}",es,95.83,3,4
neutro,108,1817,4,0.192,"{'en': 1750, 'fr': 40, 'es': 19, 'ca': 8}",en,96.31,8,5
neutro,117,1676,3,0.184,"{'en': 1614, 'fr': 34, 'ca': 28}",en,96.3,8,4
neutro,118,1516,4,0.181,"{'en': 1463, 'es': 36, 'fr': 9, 'ca': 8}",en,96.5,8,5
negativo,2,24381,26,0.173,"{'es': 23681, 'en': 470, 'pt': 56, 'nl': 35, 'it': 19, 'fr': 18, 'de': 18, 'ko': 11, 'pl': 11, 'tr': 8, 'cs': 7, 'sv': 6, 'ru': 6, 'zh-cn': 5, 'ro': 5, 'hu': 5, 'ja': 4, 'he': 3, 'el': 3, 'hr': 2, 'fi': 2, 'bg': 2, 'da': 1, 'lv': 1, 'ca': 1, 'no': 1}",es,97.13,8,13
negativo,190,206,3,0.15,"{'es': 200, 'en': 4, 'fr': 2}",es,97.09,6,8
negativo,31,73,3,0.145,"{'es': 71, 'en': 1, 'fr': 1}",es,97.26,5,7
neutro,135,1342,3,0.14,"{'en': 1305, 'fr': 30, 'ca': 7}",en,97.24,8,4
neutro,114,946,3,0.125,"{'en': 924, 'fr': 15, 'ca': 7}",en,97.67,8,4
