Texto,Sentimiento,ciudad,Experiencia,Fecha,fuente
Visita de la Sagrada Familia sin colas,Bueno,Barcelona,cultura,,Civitatis
Free tour por Barcelona,Bueno,Barcelona,tour,,Civitatis
Sagrada Familia con subida a las torres,Bueno,Barcelona,cultura,,Civitatis
Excursión a Montserrat con tren cremallera,Bueno,Barcelona,tour,,Civitatis
Traslados en Barcelona,Bueno,Barcelona,hotel,,Civitatis
Tour por la Sagrada Familia y el Parque Güell,Bueno,Barcelona,cultura,,Civitatis
Visita guiada por el Parque Güell,Bueno,Barcelona,cultura,,Civitatis
Tour de Barcelona al completo en grupo reducido,Bueno,Barcelona,cultura,,Civitatis
Free tour de Gaudí y la Barcelona modernista,Bueno,Barcelona,cultura,,Civitatis
Free tour nocturno por el Barrio Gótico,Bueno,Barcelona,cultura,,Civitatis
Entrada a la Casa Batlló,Bueno,Barcelona,cultura,,Civitatis
Excursión a Andorra y Mont-Louis,Bueno,Barcelona,tour,,Civitatis
Tarjeta eSIM Civitatis España,Bueno,Barcelona,otro,,Civitatis
Entradas al Parque Güell con audioguía,Desconocido,Barcelona,cultura,,Civitatis
Excursión a Lloret y Tossa de Mar,Bueno,Barcelona,playa,,Civitatis
"Autobús turístico de Barcelona, City Sightseeing",Bueno,Barcelona,tour,,Civitatis
"Excursión a Gerona, Figueras y Cadaqués",Bueno,Barcelona,playa,,Civitatis
Entrada al Museo Spotify Camp Nou,Bueno,Barcelona,museo,,Civitatis
"Excursión a Gerona, Figueras y Museo Dalí",Bueno,Barcelona,museo,,Civitatis
Paseo en catamarán por Barcelona,Bueno,Barcelona,tour,,Civitatis
"Tour por el barrio Gótico, Montjuïc, Paseo de Gracia y El Born",Bueno,Barcelona,cultura,,Civitatis
Free tour de los misterios y leyendas del Barrio Gótico,Bueno,Barcelona,cultura,,Civitatis
Paseo en catamarán al atardecer con música en directo,Bueno,Barcelona,museo,,Civitatis
Tour de los misterios y leyendas de Barcelona,Bueno,Barcelona,tour,,Civitatis
Excursión a Montserrat y Gerona,Bueno,Barcelona,cultura,,Civitatis
Free tour por Montjuïc,Bueno,Barcelona,cultura,,Civitatis
"Excursión a Cardona, Montaña de Sal y Montserrat en grupo reducido",Bueno,Barcelona,cultura,,Civitatis
Entrada a La Pedrera,Bueno,Barcelona,cultura,,Civitatis
Excursión a Tarragona y Sitges en grupo reducido,Bueno,Barcelona,playa,,Civitatis
Teleférico de Montjuïc,Bueno,Barcelona,cultura,,Civitatis
Fiesta en catamarán Sensation Barcelona,Bueno,Barcelona,museo,,Civitatis
Free tour por el Parque Güell,Bueno,Barcelona,cultura,,Civitatis
Bautismo de buceo en Barcelona,Bueno,Barcelona,deporte,,Civitatis
Visita por el Palau de la Música Catalana,Bueno,Barcelona,museo,,Civitatis
Tour privado por Barcelona,Bueno,Barcelona,tour,,Civitatis
Autobús turístico Barcelona City Tour,Bueno,Barcelona,tour,,Civitatis
Excursión a la Costa Brava,Bueno,Barcelona,playa,,Civitatis
Visita guiada por la Casa Batlló,Bueno,Barcelona,tour,,Civitatis
Hard Rock Cafe Barcelona sin colas,Bueno,Barcelona,museo,,Civitatis
Visita guiada por la basílica de Santa María del Mar,Bueno,Barcelona,cultura,,Civitatis
Tour en paddle surf por Barcelona,Bueno,Barcelona,vida nocturna,,Civitatis
Espectáculo flamenco en el Tablao El Duende,Bueno,Barcelona,museo,,Civitatis
Free tour por la Barceloneta y el parque de la Ciudadela,Bueno,Barcelona,playa,,Civitatis
Entrada al Recinto Modernista de Sant Pau,Bueno,Barcelona,cultura,,Civitatis
Visita nocturna y espectáculo en La Pedrera,Bueno,Barcelona,tour,,Civitatis
Paseo en Las Golondrinas por el puerto de Barcelona,Bueno,Barcelona,tour,,Civitatis
"Tour de Dalí por Cadaqués, Figueras y Portlligat en grupo reducido",Bueno,Barcelona,tour,,Civitatis
Free tour por el exterior de la Sagrada Familia,Bueno,Barcelona,cultura,,Civitatis
Tour privado en tuk tuk por Barcelona,Bueno,Barcelona,cultura,,Civitatis
Tour de La Sombra del Viento,Bueno,Barcelona,tour,,Civitatis
Paseo en velero por Barcelona,Bueno,Barcelona,playa,,Civitatis
Excursión a Tossa de Mar,Desconocido,Barcelona,playa,,Civitatis
Visita guiada por el Spotify Camp Nou,Bueno,Barcelona,deporte,,Civitatis
"Excursión a Gerona, Pals y Calella en grupo reducido",Bueno,Barcelona,playa,,Civitatis
Free tour por El Raval,Bueno,Barcelona,museo,,Civitatis
Excursión a PortAventura,Bueno,Barcelona,ocio,,Civitatis
Espectáculo flamenco en el tablao Los Tarantos,Bueno,Barcelona,museo,,Civitatis
"Excursión a Vic, Besalú, Santa Pau y Castellfollit de la Roca en grupo reducido",Bueno,Barcelona,playa,,Civitatis
Paseo en goleta con música,Bueno,Barcelona,museo,,Civitatis
Entrada a L’Aquàrium de Barcelona,Bueno,Barcelona,ocio,,Civitatis
Excursión a Montserrat + Visita a una bodega de cava del Penedés en grupo reducido,Bueno,Barcelona,comida,,Civitatis
Excursión a Montserrat + Visita a una bodega,Bueno,Barcelona,comida,,Civitatis
Free tour de la Guerra Civil española,Bueno,Barcelona,tour,,Civitatis
Degustación de vinos y quesos en Barcelona,Bueno,Barcelona,comida,,Civitatis
"Barcelona por tierra, mar y aire",Bueno,Barcelona,tour,,Civitatis
Espectáculo flamenco en el Tablao Cordobés,Bueno,Barcelona,cultura,,Civitatis
Free tour por El Born,Bueno,Barcelona,cultura,,Civitatis
Paseo por El Born con cena de tapas y espectáculo flamenco,Bueno,Barcelona,cultura,,Civitatis
Entrada al Museo Moco de Barcelona,Bueno,Barcelona,museo,,Civitatis
Cata de jamón ibérico en Barcelona,Bueno,Barcelona,comida,,Civitatis
Visita guiada por la Catedral de Barcelona + Acceso a la terraza,Bueno,Barcelona,cultura,,Civitatis
Tour por el barrio judío de Barcelona,Bueno,Barcelona,cultura,,Civitatis
Tour por la Barcelona masónica,Bueno,Barcelona,tour,,Civitatis
Tour por la Barcelona medieval,Bueno,Barcelona,cultura,,Civitatis
Tour privado por la Sagrada Familia,Bueno,Barcelona,cultura,,Civitatis
Entrada al Palau de la Música Catalana,Bueno,Barcelona,museo,,Civitatis
Entrada al mirador de la Torre Glòries,Bueno,Barcelona,cultura,,Civitatis
Free tour de la Inquisición por Barcelona,Bueno,Barcelona,cultura,,Civitatis
Visita guiada por la Casa Vicens,Bueno,Barcelona,tour,,Civitatis
Tour de los fantasmas de Barcelona,Bueno,Barcelona,tour,,Civitatis
Visita guiada por el Museo Picasso,Bueno,Barcelona,museo,,Civitatis
Excursión a Montserrat con almuerzo en una masía,Bueno,Barcelona,cultura,,Civitatis
Trekking por Montserrat y visita al monasterio,Bueno,Barcelona,cultura,,Civitatis
Excursión a Tossa de Mar + Buceo o kayak,Bueno,Barcelona,deporte,,Civitatis
"Gerona, escenario de Juego de Tronos",Bueno,Barcelona,tour,,Civitatis
Entrada al Museo de las Ilusiones de Barcelona,Bueno,Barcelona,museo,,Civitatis
Entrada a la Casa Vicens,Bueno,Barcelona,cultura,,Civitatis
Free tour por la Barcelona romana,Bueno,Barcelona,tour,,Civitatis
Entrada al Museo Olímpico de Barcelona,Bueno,Barcelona,museo,,Civitatis
Excursión a PortAventura Park y Ferrari Land,Bueno,Barcelona,tour,,Civitatis
Entrada al Big Fun Museum,Bueno,Barcelona,museo,,Civitatis
Entrada al Museo Banksy de Barcelona,Bueno,Barcelona,museo,,Civitatis
Entrada al Museo de Cera de Barcelona,Bueno,Barcelona,museo,,Civitatis
Pub Crawl ¡Tour de fiesta por Barcelona!,Bueno,Barcelona,vida nocturna,,Civitatis
Entrada al Zoo de Barcelona,Bueno,Barcelona,ocio,,Civitatis
Entrada al Museo Erótico de Barcelona,Bueno,Barcelona,museo,,Civitatis
Visita guiada por los jardines de La Tamarita,Bueno,Barcelona,tour,,Civitatis
Juego de pistas en Barcelona: Los fantasmas del Barrio Gótico,Bueno,Barcelona,cultura,,Civitatis
Entrada al Museo Egipcio de Barcelona,Bueno,Barcelona,museo,,Civitatis
Entrada a White Rabbit,Bueno,Barcelona,museo,,Civitatis
Entrada al Museo de Historia de Cataluña,Bueno,Barcelona,museo,,Civitatis
Barcelona Card,Bueno,Barcelona,otro,,Civitatis
Hola Barcelona Travel Card,Bueno,Barcelona,otro,,Civitatis
Entrada a la Sinagoga Mayor de Barcelona,Desconocido,Barcelona,cultura,,Civitatis
Barcelona Night Card ¡Discotecas gratis!,Neutro,Barcelona,vida nocturna,,Civitatis
Entrada a Marineland Catalunya,Desconocido,Barcelona,ocio,,Civitatis
Tour de compras a La Roca Village,Bueno,Barcelona,tour,,Civitatis
Go City: Barcelona All-Inclusive Pass,Bueno,Barcelona,tour,,Civitatis
Go City: Barcelona Explorer Pass,Bueno,Barcelona,otro,,Civitatis
Montserrat por libre en autobús,Bueno,Barcelona,cultura,,Civitatis
Oferta: Montserrat + Sagrada Familia,Bueno,Barcelona,cultura,,Civitatis
Tour en bicicleta eléctrica por Barcelona,Bueno,Barcelona,cultura,,Civitatis
Tour por la Colonia Güell y Cripta de Gaudí,Bueno,Barcelona,cultura,,Civitatis
Entrada a Colonia Güell,Bueno,Barcelona,cultura,,Civitatis
Excursión privada desde Barcelona,Neutro,Barcelona,tour,,Civitatis
Tour en 4x4 por los viñedos del Penedés,Bueno,Barcelona,comida,,Civitatis
Autobús turístico de Barcelona + Paseo en catamarán,Bueno,Barcelona,tour,,Civitatis
Paseo en globo por el Montseny,Bueno,Barcelona,tour,,Civitatis
Tour de Barcelona para Instagram,Bueno,Barcelona,tour,,Civitatis
Paseo a caballo por Montserrat,Bueno,Barcelona,tour,,Civitatis
"Entrada al MACBA, el Museo de Arte Contemporáneo",Bueno,Barcelona,museo,,Civitatis
Entrada a KBr Fundación MAPFRE Barcelona Photo Center,Bueno,Barcelona,museo,,Civitatis
ArticketBCN,Bueno,Barcelona,museo,,Civitatis
Excursión a PortAventura Caribe Aquatic Park,Bueno,Barcelona,tour,,Civitatis
Tour de tapas por los mercados de La Boquería y Santa Caterina,Bueno,Barcelona,comida,,Civitatis
Senderismo + Kayak y snorkel por la Costa Brava,Bueno,Barcelona,deporte,,Civitatis
Visita guiada por el Museo del Turrón y el Chocolate,Bueno,Barcelona,museo,,Civitatis
Excursión a Montserrat + Paseo a caballo,Bueno,Barcelona,tour,,Civitatis
Visita guiada por La Pedrera,Bueno,Barcelona,cultura,,Civitatis
Entrada al Museo Antoni Tàpies,Bueno,Barcelona,museo,,Civitatis
Parasailing en Barcelona,Bueno,Barcelona,tour,,Civitatis
Espectáculo flamenco en Casa Sors + Visita al Museo de la Guitarra,Bueno,Barcelona,museo,,Civitatis
Autobús entre el Aeropuerto de El Prat y Barcelona,Bueno,Barcelona,otro,,Civitatis
Alquiler de moto de agua en Barcelona,Bueno,Barcelona,playa,,Civitatis
Autobús entre el Aeropuerto de Gerona y Barcelona,Desconocido,Barcelona,otro,,Civitatis
Espectáculo flamenco en el Tablao de Carmen,Bueno,Barcelona,cultura,,Civitatis
Barcelona Card Express,Bueno,Barcelona,otro,,Civitatis
Espectáculo en el Tablao Flamenco El Paraigua,Bueno,Barcelona,cultura,,Civitatis
Sesión fotográfica privada en el exterior de la Sagrada Familia,Desconocido,Barcelona,cultura,,Civitatis
Paseo en globo por Montserrat,Desconocido,Barcelona,tour,,Civitatis
Free tour navideño por Barcelona,Bueno,Barcelona,tour,,Civitatis
Visita guiada por el Laberinto de Horta,Bueno,Barcelona,tour,,Civitatis
Entrada a IKONO Barcelona,Bueno,Barcelona,museo,,Civitatis
Entrada a la Fundación Joan Miró,Bueno,Barcelona,museo,,Civitatis
Paseo en velero con aperitivo,Bueno,Barcelona,playa,,Civitatis
Tour en vespa por Barcelona,Bueno,Barcelona,tour,,Civitatis
Curso de surf en Barcelona,Desconocido,Barcelona,deporte,,Civitatis
Tour navideño en tuk tuk privado por Barcelona,Bueno,Barcelona,tour,,Civitatis
Entradas para un partido del FC Barcelona,Desconocido,Barcelona,deporte,,Civitatis
Entrada al Museo del Modernismo,Desconocido,Barcelona,museo,,Civitatis
Paseo en camello por las dunas de Maspalomas,Bueno,Gran Canaria,tour,,Civitatis
Avistamiento de cetáceos por Puerto Rico,Bueno,Gran Canaria,otro,,Civitatis
Visita guiada por el Mundo del Plátano,Bueno,Gran Canaria,comida,,Civitatis
Free tour por Las Palmas de Gran Canaria,Bueno,Gran Canaria,cultura,,Civitatis
Paseo en barco por Puerto de Mogán + Snorkel,Bueno,Gran Canaria,deporte,,Civitatis
Traslados en Gran Canaria,Bueno,Gran Canaria,hotel,,Civitatis
"Excursión a Maspalomas, Mogán y el barranco de Guayadeque",Bueno,Gran Canaria,tour,,Civitatis
"Teror, el Roque Nublo y la caldera de Bandama desde Las Palmas",Bueno,Gran Canaria,tour,,Civitatis
Catamarán por las costas de Puerto Rico,Bueno,Gran Canaria,otro,,Civitatis
Tour en buggy por Gran Canaria,Bueno,Gran Canaria,tour,,Civitatis
Entrada al acuario Poema del Mar,Bueno,Gran Canaria,ocio,,Civitatis
Visita a la destilería Arehucas,Bueno,Gran Canaria,tour,,Civitatis
Bautismo de buceo en Gran Canaria,Bueno,Gran Canaria,deporte,,Civitatis
Paseo en catamarán por la costa de Puerto Rico,Bueno,Gran Canaria,playa,,Civitatis
Kayak y snorkel en las cuevas de Taurito,Bueno,Gran Canaria,deporte,,Civitatis
Excursión al Valle de Agaete desde Las Palmas,Bueno,Gran Canaria,tour,,Civitatis
Visita guiada por el barrio de Vegueta,Bueno,Gran Canaria,cultura,,Civitatis
Fiesta en barco por Puerto Rico,Bueno,Gran Canaria,vida nocturna,,Civitatis
Tour en kayak desde la playa del Pajar,Bueno,Gran Canaria,deporte,,Civitatis
Free tour de los misterios y leyendas de Las Palmas de Gran Canaria,Bueno,Gran Canaria,tour,,Civitatis
Entrada al Cocodrilo Park Gran Canaria,Bueno,Gran Canaria,ocio,,Civitatis
Entrada a Aqualand Maspalomas,Bueno,Gran Canaria,ocio,,Civitatis
Paseo en camello por el Valle de las Mil Palmeras,Bueno,Gran Canaria,tour,,Civitatis
Excursión al Puerto de Mogán y su mercadillo,Bueno,Gran Canaria,tour,,Civitatis
Paseo a caballo por El Salobre,Bueno,Gran Canaria,tour,,Civitatis
Excursión por las cumbres de Gran Canaria,Bueno,Gran Canaria,tour,,Civitatis
Entrada a Palmitos Park,Bueno,Gran Canaria,ocio,,Civitatis
Tour por Las Palmas de Gran Canaria y caldera de Bandama,Bueno,Gran Canaria,tour,,Civitatis
Descenso de cañones en el barranco de los Cernícalos,Bueno,Gran Canaria,deporte,,Civitatis
Entrada para el espectáculo Origen en la Sala Scala,Bueno,Gran Canaria,museo,,Civitatis
Excursión por las costas de Gran Canaria,Bueno,Gran Canaria,tour,,Civitatis
Jeep safari por el sur de Gran Canaria,Bueno,Gran Canaria,ocio,,Civitatis
Autobús turístico de Las Palmas de Gran Canaria,Bueno,Gran Canaria,tour,,Civitatis
Paddle surf en Arguineguín,Bueno,Gran Canaria,deporte,,Civitatis
Tour gastronómico por Gran Canaria,Desconocido,Gran Canaria,museo,,Civitatis
Entrada a Holiday World Maspalomas,Bueno,Gran Canaria,ocio,,Civitatis
Tour por los mercadillos de Teror y San Mateo,Bueno,Gran Canaria,cultura,,Civitatis
Tour privado por Gran Canaria,Bueno,Gran Canaria,tour,,Civitatis
Tour privado por Las Palmas de Gran Canaria,Bueno,Gran Canaria,tour,,Civitatis
Vuelo en parapente por Las Palmas de Gran Canaria,Bueno,Gran Canaria,deporte,,Civitatis
Tour en bicicleta por Las Palmas de Gran Canaria,Bueno,Gran Canaria,playa,,Civitatis
Vía ferrata de San Agustín,Bueno,Gran Canaria,deporte,,Civitatis
Tour en segway por Maspalomas,Bueno,Gran Canaria,tour,,Civitatis
Excursión al Loro Parque,Bueno,Gran Canaria,tour,,Civitatis
Coasteering en Agaete,Bueno,Gran Canaria,deporte,,Civitatis
Escalada junto al Roque Nublo al atardecer,Bueno,Gran Canaria,deporte,,Civitatis
Tour en patinete eléctrico por Maspalomas,Desconocido,Gran Canaria,tour,,Civitatis
Ferry a Tenerife,Desconocido,Gran Canaria,otro,,Civitatis
Free tour por Teror,Desconocido,Gran Canaria,tour,,Civitatis
Observación de estrellas en la Ventana del Nublo,Bueno,Gran Canaria,tour,,Civitatis
Excursión por Las Palmas y Jardín Botánico Canario para cruceros,Bueno,Gran Canaria,tour,,Civitatis
Senderismo por la reserva de Güi Güi,Bueno,Gran Canaria,deporte,,Civitatis
Descenso de cañones en el barranco de la Manta,Bueno,Gran Canaria,tour,,Civitatis
Excursión a las Montañas Sagradas,Bueno,Gran Canaria,tour,,Civitatis
Senderismo por el barranco de Azuaje,Bueno,Gran Canaria,deporte,,Civitatis
Senderismo por la reserva de Inagua,Bueno,Gran Canaria,deporte,,Civitatis
Senderismo por el Roque Nublo,Bueno,Gran Canaria,deporte,,Civitatis
Ferry a Fuerteventura,Desconocido,Gran Canaria,otro,,Civitatis
Senderismo por los Azulejos de Veneguera,Desconocido,Gran Canaria,deporte,,Civitatis
Senderismo por el Arco del Coronadero,Desconocido,Gran Canaria,deporte,,Civitatis
Tour en bicicleta por Maspalomas + Degustación de tapas,Desconocido,Gran Canaria,comida,,Civitatis
Excursión a Toledo y Segovia,Bueno,Madrid,tour,,Civitatis
Visita guiada por el Palacio Real,Bueno,Madrid,cultura,,Civitatis
Excursión a Toledo de día completo con entradas,Bueno,Madrid,cultura,,Civitatis
Free tour por Madrid,Bueno,Madrid,tour,,Civitatis
Traslados en Madrid,Bueno,Madrid,hotel,,Civitatis
Excursión a Segovia y Ávila,Bueno,Madrid,tour,,Civitatis
Visita guiada por el Museo del Prado,Bueno,Madrid,museo,,Civitatis
Tour Bernabéu: entrada oficial al estadio,Bueno,Madrid,museo,,Civitatis
Visita guiada por el Museo del Prado y el Palacio Real,Bueno,Madrid,museo,,Civitatis
Excursión a Toledo de medio día,Bueno,Madrid,tour,,Civitatis
Tour de misterios y leyendas de Madrid,Bueno,Madrid,tour,,Civitatis
Tarjeta eSIM Civitatis España,Bueno,Madrid,otro,,Civitatis
Excursión a El Escorial y Valle de los Caídos,Bueno,Madrid,tour,,Civitatis
Palacio Real + Catedral de la Almudena,Bueno,Madrid,cultura,,Civitatis
Espectáculo flamenco en Torres Bermejas,Bueno,Madrid,museo,,Civitatis
Autobús turístico de Madrid,Bueno,Madrid,tour,,Civitatis
"Excursión a Toledo, Segovia y Ávila",Bueno,Madrid,cultura,,Civitatis
Free tour nocturno por Madrid,Bueno,Madrid,tour,,Civitatis
Entrada al Palacio Real,Bueno,Madrid,cultura,,Civitatis
Tour mitológico por el Museo del Prado para niños,Bueno,Madrid,museo,,Civitatis
Visita guiada por el estadio Santiago Bernabéu,Bueno,Madrid,deporte,,Civitatis
Excursión a Cuenca y la Ciudad Encantada,Bueno,Madrid,tour,,Civitatis
Entrada al Parque Warner,Bueno,Madrid,tour,,Civitatis
Entrada al Museo del Prado sin colas,Bueno,Madrid,museo,,Civitatis
Tour privado en tuk tuk por Madrid,Bueno,Madrid,tour,,Civitatis
Excursión a Salamanca y Ávila,Bueno,Madrid,tour,,Civitatis
Free tour por el Barrio de las Letras,Bueno,Madrid,cultura,,Civitatis
Excursión a Segovia,Bueno,Madrid,cultura,,Civitatis
Espectáculo en el Teatro Flamenco,Bueno,Madrid,museo,,Civitatis
Free tour de los fantasmas de Madrid,Bueno,Madrid,tour,,Civitatis
"Tour nocturno en autobús descapotable, Big Bus",Bueno,Madrid,tour,,Civitatis
Excursión a Toledo y los molinos de Consuegra,Bueno,Madrid,tour,,Civitatis
Tour privado por Madrid,Bueno,Madrid,tour,,Civitatis
Visita guiada por el Museo Reina Sofía,Bueno,Madrid,museo,,Civitatis
Free tour por el Madrid de los Borbones,Bueno,Madrid,tour,,Civitatis
"Excursión a Segovia, El Escorial y Valle de los Caídos",Bueno,Madrid,cultura,,Civitatis
Visita guiada por el Parque de El Retiro,Bueno,Madrid,museo,,Civitatis
Oferta: Museo del Prado + Reina Sofía,Bueno,Madrid,museo,,Civitatis
Free tour por Chueca y Malasaña,Bueno,Madrid,tour,,Civitatis
Excursión a Alcalá de Henares,Bueno,Madrid,tour,,Civitatis
Tour del vino por la Ribera del Duero,Bueno,Madrid,comida,,Civitatis
Excursión a Puy du Fou España y El Sueño de Toledo,Bueno,Madrid,tour,,Civitatis
Entrada al Museo de las Ilusiones de Madrid,Bueno,Madrid,museo,,Civitatis
"Entradas para El Rey León, el musical",Bueno,Madrid,otro,,Civitatis
Cena con espectáculo de ópera y zarzuela en el restaurante La Castafiore,Bueno,Madrid,comida,,Civitatis
Free tour por Lavapiés y La Latina,Bueno,Madrid,museo,,Civitatis
"Autobús turístico de Madrid, Big Bus",Bueno,Madrid,tour,,Civitatis
Excursión al Parque Warner,Bueno,Madrid,tour,,Civitatis
Espectáculo flamenco en el tablao Las Carboneras,Bueno,Madrid,cultura,,Civitatis
Visita al Palacio de Liria,Bueno,Madrid,cultura,,Civitatis
Tour por Madrid para familias,Bueno,Madrid,tour,,Civitatis
Tour en segway por el parque de El Retiro,Bueno,Madrid,tour,,Civitatis
Tour de tapas y vinos por Madrid,Bueno,Madrid,comida,,Civitatis
Entrada al Museo Reina Sofía,Bueno,Madrid,museo,,Civitatis
"Hammam Al Ándalus, un baño en la historia",Bueno,Madrid,otro,,Civitatis
Espectáculo en la cueva histórica Essential Flamenco,Bueno,Madrid,cultura,,Civitatis
Tour del estadio del Atlético de Madrid,Bueno,Madrid,museo,,Civitatis
Entrada al Museo Nacional Thyssen-Bornemisza,Bueno,Madrid,museo,,Civitatis
Visita guiada por el monasterio de las Descalzas Reales,Bueno,Madrid,cultura,,Civitatis
Free tour de la Inquisición por Madrid,Bueno,Madrid,tour,,Civitatis
Entrada al Museo de la Luz de Madrid,Bueno,Madrid,museo,,Civitatis
Visita guiada por el Real Monasterio de la Encarnación,Bueno,Madrid,museo,,Civitatis
Tour en segway por Madrid,Bueno,Madrid,tour,,Civitatis
Tour por Madrid con gafas de realidad virtual,Bueno,Madrid,tour,,Civitatis
Excursión a Toledo al completo + Cata de vinos,Bueno,Madrid,cultura,,Civitatis
Tour privado por el Palacio Real,Desconocido,Madrid,cultura,,Civitatis
Entrada a la Warner Beach,Bueno,Madrid,playa,,Civitatis
Tour por las salas de la Prehistoria o de Egipto del Museo Arqueológico,Bueno,Madrid,museo,,Civitatis
"Excursión a Toledo, Aranjuez y Chinchón",Bueno,Madrid,tour,,Civitatis
Excursión a Consuegra,Bueno,Madrid,tour,,Civitatis
Tour en bicicleta por Madrid,Bueno,Madrid,deporte,,Civitatis
Free tour por el parque El Capricho,Bueno,Madrid,tour,,Civitatis
"Abono del Paseo del Arte: museos del Prado, Thyssen y Reina Sofía",Bueno,Madrid,museo,,Civitatis
Free tour teatralizado por la Madrid paranormal,Bueno,Madrid,tour,,Civitatis
Entrada al Zoo Aquarium,Bueno,Madrid,ocio,,Civitatis
Visita guiada al Museo Nacional Thyssen-Bornemisza,Bueno,Madrid,museo,,Civitatis
Entrada para el espectáculo WAH,Bueno,Madrid,museo,,Civitatis
Visita guiada por el Museo de Historia de Madrid,Bueno,Madrid,museo,,Civitatis
Tour de Las Ventas,Bueno,Madrid,cultura,,Civitatis
Tour privado por el Museo del Prado,Bueno,Madrid,museo,,Civitatis
Tarjeta eSIM Civitatis Europa,Desconocido,Madrid,otro,,Civitatis
Entrada al museo Ikono Madrid,Bueno,Madrid,museo,,Civitatis
Free tour de las reinas de España,Bueno,Madrid,tour,,Civitatis
Entrada a Aquopolis Madrid,Bueno,Madrid,ocio,,Civitatis
Toledo por libre en autobús,Bueno,Madrid,cultura,,Civitatis
Tour por el Madrid islámico y medieval,Bueno,Madrid,tour,,Civitatis
Free tour por la Casa de Campo,Bueno,Madrid,tour,,Civitatis
Tour por las tabernas centenarias de Madrid,Bueno,Madrid,tour,,Civitatis
Show flamenco en el tablao Cardamomo,Bueno,Madrid,museo,,Civitatis
Free tour teatralizado de Valle-Inclán por el Barrio de las Letras,Bueno,Madrid,cultura,,Civitatis
Free tour de las mujeres ilustres de Madrid,Bueno,Madrid,tour,,Civitatis
Visita guiada por la Galería de las Colecciones Reales,Bueno,Madrid,museo,,Civitatis
Visita guiada por el Palacio Real de El Pardo,Bueno,Madrid,cultura,,Civitatis
Entrada a Atlantis Aquarium,Bueno,Madrid,ocio,,Civitatis
Entrada al Parque de Atracciones de Madrid,Bueno,Madrid,ocio,,Civitatis
Tour del levantamiento del 2 de Mayo de 1808,Bueno,Madrid,tour,,Civitatis
"Tour de 5 días por Andalucía, Toledo y la Costa del Sol",Bueno,Madrid,playa,,Civitatis
Entrada a Faunia,Bueno,Madrid,ocio,,Civitatis
Tour en bicicleta vintage al atardecer,Bueno,Madrid,tour,,Civitatis
Entradas al Palacio Real con audioguía,Desconocido,Madrid,cultura,,Civitatis
Espectáculo flamenco en el Tablao La Quimera,Bueno,Madrid,museo,,Civitatis
Excursión al Parque Nacional de la Sierra de Guadarrama,Bueno,Madrid,cultura,,Civitatis
Tour de 6 días a Lisboa y Fátima,Bueno,Madrid,tour,,Civitatis
Entrada a la Galería de las Colecciones Reales,Bueno,Madrid,museo,,Civitatis
Entrada a Sweet Space,Bueno,Madrid,museo,,Civitatis
Espectáculo en el tablao flamenco Las Tablas,Bueno,Madrid,cultura,,Civitatis
Espectáculo en el Centro Cultural de Flamenco de Madrid,Bueno,Madrid,cultura,,Civitatis
Tour del grafiti por Madrid,Bueno,Madrid,museo,,Civitatis
Entrada a la Real Academia de Bellas Artes de San Fernando,Desconocido,Madrid,museo,,Civitatis
Pub Crawl ¡Tour de fiesta por Madrid!,Neutro,Madrid,vida nocturna,,Civitatis
Entrada a la Fundación MAPFRE de Madrid,Bueno,Madrid,museo,,Civitatis
Alquiler de bicicleta en Madrid,Bueno,Madrid,tour,,Civitatis
Go City: Madrid All-Inclusive Pass,Bueno,Madrid,museo,,Civitatis
Show en el Tablao Flamenco 1911,Bueno,Madrid,cultura,,Civitatis
Tarjeta SIM Lebara con llamadas,Bueno,Madrid,otro,,Civitatis
Excursión privada desde Madrid,Bueno,Madrid,tour,,Civitatis
Segovia por libre en autobús,Bueno,Madrid,cultura,,Civitatis
Tour de tapas por Madrid,Bueno,Madrid,comida,,Civitatis
Espectáculo flamenco en el Tablao de la Villa,Bueno,Madrid,museo,,Civitatis
Go City: Madrid Explorer Pass,Neutro,Madrid,otro,,Civitatis
Tour de tapas y flamenco por Madrid,Bueno,Madrid,cultura,,Civitatis
"Andalucía, Costa del Sol y Toledo en 6 días",Bueno,Madrid,playa,,Civitatis
Espectáculo de flamenco en La Carmela,Bueno,Madrid,cultura,,Civitatis
Clase de cocina de tapas y paella en Madrid,Bueno,Madrid,comida,,Civitatis
"Andalucía, Valencia y Barcelona en 7 días",Bueno,Madrid,tour,,Civitatis
Visita guiada por el Museo de América,Bueno,Madrid,museo,,Civitatis
"Portugal, Andalucía y Marruecos en 18 días",Malo,Madrid,tour,,Civitatis
"Jardines Lockers, alquiler de consignas para equipaje",Bueno,Madrid,otro,,Civitatis
Tour en el Navibús de Madrid,Neutro,Madrid,tour,,Civitatis
Tour navideño por Madrid,Bueno,Madrid,tour,,Civitatis
Excursión a El Escorial en el tren de Felipe II,Bueno,Madrid,cultura,,Civitatis
Tour navideño en tuk tuk privado por Madrid,Bueno,Madrid,tour,,Civitatis
Cata de aceite de oliva en Madrid,Bueno,Madrid,comida,,Civitatis
Visita guiada por el hipódromo de la Zarzuela,Bueno,Madrid,cultura,,Civitatis
"Entradas para Cenicienta, el musical",Desconocido,Madrid,otro,,Civitatis
Free tour por Málaga,Bueno,Malaga,cultura,,Civitatis
Excursión al Caminito del Rey,Bueno,Malaga,tour,,Civitatis
Excursión a Ronda y Setenil,Bueno,Malaga,tour,,Civitatis
Paseo en catamarán por la bahía de Málaga,Bueno,Malaga,playa,,Civitatis
Excursión a Gibraltar,Bueno,Malaga,tour,,Civitatis
Excursión a Marbella y Mijas,Bueno,Malaga,playa,,Civitatis
Traslados en Málaga,Bueno,Malaga,hotel,,Civitatis
Tour de Málaga al completo con entradas,Bueno,Malaga,cultura,,Civitatis
Excursión a Nerja y Frigiliana,Bueno,Malaga,tour,,Civitatis
Free tour por la Alcazaba y el Teatro Romano,Bueno,Malaga,cultura,,Civitatis
Tour teatralizado nocturno por el Cementerio Inglés,Bueno,Malaga,tour,,Civitatis
Visita guiada por el Museo Picasso,Bueno,Malaga,museo,,Civitatis
Tarjeta eSIM Civitatis España,Bueno,Malaga,otro,,Civitatis
Excursión a la Alhambra,Bueno,Malaga,cultura,,Civitatis
Free tour nocturno por Málaga,Bueno,Malaga,tour,,Civitatis
Visita guiada por la alcazaba y el teatro romano,Bueno,Malaga,cultura,,Civitatis
Free tour de los misterios y leyendas de Málaga,Bueno,Malaga,playa,,Civitatis
Entrada al Museo Picasso Málaga,Bueno,Malaga,museo,,Civitatis
"Hammam Al Ándalus, un baño en la historia",Bueno,Malaga,tour,,Civitatis
Espectáculo flamenco en el tablao Alegría,Bueno,Malaga,museo,,Civitatis
Autobús turístico de Málaga,Bueno,Malaga,playa,,Civitatis
Tour por Málaga con gafas de realidad virtual,Bueno,Malaga,tour,,Civitatis
Tour en segway por Málaga,Bueno,Malaga,tour,,Civitatis
"Excursión a Nerja, Frigiliana y El Acebuchal en grupo reducido",Bueno,Malaga,tour,,Civitatis
Visita guiada por el castillo de Gibralfaro,Bueno,Malaga,cultura,,Civitatis
Excursión a Córdoba con visita a la Mezquita,Bueno,Malaga,cultura,,Civitatis
Excursión a Granada con visita a la Alhambra,Bueno,Malaga,tour,,Civitatis
Excursión a Ceuta y Tetuán,Bueno,Malaga,tour,,Civitatis
Tour privado por Málaga ¡Tú eliges!,Bueno,Malaga,playa,,Civitatis
Visita guiada por la catedral y alrededores,Bueno,Malaga,cultura,,Civitatis
Tour privado en tuk tuk por Málaga,Bueno,Malaga,playa,,Civitatis
Tour de Pablo Picasso por Málaga,Bueno,Malaga,museo,,Civitatis
Tour por el Cementerio Inglés,Bueno,Malaga,playa,,Civitatis
Tour por la Málaga musulmana,Bueno,Malaga,tour,,Civitatis
Pub Crawl ¡Tour de fiesta por Málaga!,Bueno,Malaga,vida nocturna,,Civitatis
Visita guiada por el Museo Casa Natal Picasso,Bueno,Malaga,museo,,Civitatis
Excursión a Sevilla por libre,Bueno,Malaga,tour,,Civitatis
Entrada al Centre Pompidou,Bueno,Malaga,museo,,Civitatis
"Pueblos blancos de la Axarquía, Estupa Budista y Torre de la Atalaya",Bueno,Malaga,tour,,Civitatis
Tour teatralizado de la peste por Málaga,Bueno,Malaga,tour,,Civitatis
Excursión a Granada por libre,Bueno,Malaga,tour,,Civitatis
Entrada al Museo del Automóvil y la Moda,Bueno,Malaga,museo,,Civitatis
Free tour de la Inquisición por Málaga,Bueno,Malaga,tour,,Civitatis
Excursión a Álora + Cata de vinos,Bueno,Malaga,cultura,,Civitatis
Visita a las Bodegas Quitapenas,Bueno,Malaga,comida,,Civitatis
Excursión a Tánger,Neutro,Malaga,tour,,Civitatis
Espectáculo ecuestre en El Ranchito,Bueno,Malaga,museo,,Civitatis
Clase de flamenco en Málaga,Desconocido,Malaga,museo,,Civitatis
Excursión a los Dólmenes de Antequera y el Torcal,Bueno,Malaga,cultura,,Civitatis
Tour de compras por Gibraltar,Bueno,Malaga,tour,,Civitatis
Excursión a Sevilla,Bueno,Malaga,tour,,Civitatis
Entrada al Museo Casa Natal de Picasso,Bueno,Malaga,museo,,Civitatis
Entrada al Museo Carmen Thyssen,Bueno,Malaga,museo,,Civitatis
Tour en quad por el río Guadalhorce,Desconocido,Malaga,deporte,,Civitatis
Tour de la Semana Santa de Málaga,Bueno,Malaga,tour,,Civitatis
Visita guiada por el Museo Arqueológico de Málaga,Bueno,Malaga,museo,,Civitatis
Excursión a Canillas de Aceituno y El Saltillo,Bueno,Malaga,deporte,,Civitatis
Excursión privada desde Málaga,Bueno,Malaga,tour,,Civitatis
Entrada a la Colección del Museo Ruso,Bueno,Malaga,museo,,Civitatis
Paseo en catamarán por la bahía de Palma,Bueno,Mallorca,playa,,Civitatis
Tren a Sóller y paseo en barco a Sa Calobra desde Palma,Bueno,Mallorca,tour,,Civitatis
Free tour por Palma de Mallorca,Bueno,Mallorca,tour,,Civitatis
Excursión a las cuevas del Drach desde el sur de Mallorca,Bueno,Mallorca,tour,,Civitatis
Paseo en catamarán a Illetas desde Palma,Bueno,Mallorca,playa,,Civitatis
Traslados en Mallorca,Bueno,Mallorca,hotel,,Civitatis
Excursión a Cabrera y la Cueva Azul en barco,Bueno,Mallorca,tour,,Civitatis
Barco a Sa Calobra desde Sóller,Bueno,Mallorca,playa,,Civitatis
Paseo en lancha por Sa Calobra y Cala Tuent,Bueno,Mallorca,playa,,Civitatis
Excursión a las cuevas del Drach y Hams + Porto Cristo,Bueno,Mallorca,tour,,Civitatis
Excursión a las cuevas del Drach desde el norte y este de Mallorca,Bueno,Mallorca,tour,,Civitatis
"Tour de Mallorca, la vuelta a la isla, desde la zona sur",Bueno,Mallorca,tour,,Civitatis
Paseo en lancha por la cala del Moro y Es Pontàs desde Cala Figuera,Bueno,Mallorca,playa,,Civitatis
Paseo en catamarán a Es Trenc y Es Caragol,Bueno,Mallorca,playa,,Civitatis
Formentor y mercadillos típicos de Mallorca desde el sur,Bueno,Mallorca,playa,,Civitatis
Paseo en catamarán por la bahía de Alcudia,Bueno,Mallorca,playa,,Civitatis
Paseo en barco al atardecer por la bahía de Palma,Bueno,Mallorca,playa,,Civitatis
Visita guiada por la catedral de Palma,Bueno,Mallorca,cultura,,Civitatis
"Kayak, snorkel y coasteering en la bahía de Alcudia",Bueno,Mallorca,deporte,,Civitatis
Excursión en barco a Formentor desde Alcudia,Bueno,Mallorca,tour,,Civitatis
Paseo en barco con música y comida por la bahía de Palma,Bueno,Mallorca,museo,,Civitatis
Paseo en barco al atardecer por la bahía de Palma,Bueno,Mallorca,playa,,Civitatis
Entrada al Museo Rafa Nadal,Bueno,Mallorca,museo,,Civitatis
Reserva Natural de los Deltas en moto de agua desde Palma,Bueno,Mallorca,playa,,Civitatis
Paseo en barco por la bahía de Palma,Bueno,Mallorca,cultura,,Civitatis
Tour por Palma y su catedral + Valldemossa,Bueno,Mallorca,cultura,,Civitatis
Avistamiento de delfines en el sur de Mallorca,Bueno,Mallorca,playa,,Civitatis
Paddle surf al atardecer en Cala Rajada,Bueno,Mallorca,deporte,,Civitatis
Tour panorámico por Formentor + Paseo en barco,Bueno,Mallorca,playa,,Civitatis
Excursión a Cala del Moro y Cala S'Almunia,Bueno,Mallorca,playa,,Civitatis
Tour en patinete eléctrico por Palma,Bueno,Mallorca,cultura,,Civitatis
"Tour por Cabrera, la vuelta a la isla en barco",Bueno,Mallorca,tour,,Civitatis
Tour en quad por Mallorca + Snorkel desde Palma,Bueno,Mallorca,deporte,,Civitatis
Free tour de los misterios y leyendas de Palma,Bueno,Mallorca,tour,,Civitatis
"Tour de Mallorca, la vuelta a la isla",Bueno,Mallorca,tour,,Civitatis
Entrada a Palma Aquarium,Bueno,Mallorca,ocio,,Civitatis
Excursión a las cuevas del Drach de día completo desde el sur de Mallorca,Bueno,Mallorca,tour,,Civitatis
Excursión a Sóller y Valldemosa,Bueno,Mallorca,tour,,Civitatis
Excursión en moto de agua por la bahía de Alcudia,Bueno,Mallorca,playa,,Civitatis
Alquiler de llaüt con patrón en Palma de Mallorca,Bueno,Mallorca,cultura,,Civitatis
Excursión a Formentor y mercadillos típicos de Mallorca,Bueno,Mallorca,tour,,Civitatis
Free tour por Sóller,Bueno,Mallorca,cultura,,Civitatis
Tour en moto de agua por Caló des Moro,Bueno,Mallorca,playa,,Civitatis
Parasailing en Cala Bona,Bueno,Mallorca,playa,,Civitatis
Tour privado por Palma,Bueno,Mallorca,tour,,Civitatis
Paseo en catamarán por la bahía de Palma con barbacoa,Bueno,Mallorca,deporte,,Civitatis
Tour en segway por Palma,Bueno,Mallorca,tour,,Civitatis
Paseo en barco con fondo de cristal por las islas Malgrats y Toro,Bueno,Mallorca,tour,,Civitatis
Alquiler de barcos sin licencia en Puerto Andrach,Bueno,Mallorca,tour,,Civitatis
Paseo en barco por la bahía de Alcudia,Bueno,Mallorca,playa,,Civitatis
Tour en Polaris Slingshot por la Sierra de Tramontana,Bueno,Mallorca,tour,,Civitatis
Tour en moto de agua por Cala d’Or,Desconocido,Mallorca,playa,,Civitatis
Bautismo de buceo en Mallorca,Bueno,Mallorca,deporte,,Civitatis
Excursión a las cuevas del Drach para cruceros,Bueno,Mallorca,tour,,Civitatis
Tour en moto de agua por las cuevas de Artà,Bueno,Mallorca,playa,,Civitatis
Excursión a Palma y Valldemossa,Bueno,Mallorca,tour,,Civitatis
Entrada a las Cuevas de Génova en Palma de Mallorca,Bueno,Mallorca,otro,,Civitatis
"Hamman Al Ándalus, un baño en la historia",Bueno,Mallorca,tour,,Civitatis
Free tour de los piratas y corsarios,Bueno,Mallorca,tour,,Civitatis
Tour por Palma de Mallorca y Valldemosa,Bueno,Mallorca,tour,,Civitatis
Espectáculo flamenco en el tablao Alma,Bueno,Mallorca,cultura,,Civitatis
Paseo en velero por la bahía de Palma,Bueno,Mallorca,playa,,Civitatis
Entrada a Aqualand El Arenal,Bueno,Mallorca,ocio,,Civitatis
Autobús y barco turístico de Palma de Mallorca,Bueno,Mallorca,otro,,Civitatis
Tour en moto de agua por la cueva del León Marino,Desconocido,Mallorca,playa,,Civitatis
Tour por Palma para cruceros,Desconocido,Mallorca,tour,,Civitatis
Cueva de Jack Sparrow en moto de agua desde Alcudia,Bueno,Mallorca,tour,,Civitatis
Paseo en lancha rápida por la bahía de Palma,Desconocido,Mallorca,playa,,Civitatis
Tour por Palma y su catedral,Bueno,Mallorca,cultura,,Civitatis
Tour en kayak por Cala Mayor desde Cala Nova,Bueno,Mallorca,deporte,,Civitatis
Excursión a la playa de Es Trenc en barco,Bueno,Mallorca,playa,,Civitatis
Paseo a caballo por Alcudia,Bueno,Mallorca,tour,,Civitatis
Tour en moto de agua por la bahía de Palma,Bueno,Mallorca,playa,,Civitatis
"Excursión a Cala Mondragó, S'Amarador y playa Barca Trencada",Bueno,Mallorca,playa,,Civitatis
Entrada a los Jardines de Alfabia,Bueno,Mallorca,otro,,Civitatis
Entrada al Palacio Real de la Almudaina,Bueno,Mallorca,cultura,,Civitatis
Visita guiada por las cuevas dels Hams,Desconocido,Mallorca,tour,,Civitatis
Visita a la bodega Butxet,Bueno,Mallorca,comida,,Civitatis
Ferry a Menorca con Baleària desde Alcudia,Bueno,Mallorca,otro,,Civitatis
Excursión a Palma de Mallorca,Bueno,Mallorca,tour,,Civitatis
Tour por Palma con degustación de ensaimada y vinos,Bueno,Mallorca,comida,,Civitatis
Visita guiada por la Casa Hassan Fathy del Museu Sa Bassa Blanca,Desconocido,Mallorca,tour,,Civitatis
Paseo en catamarán por la bahía de Palma,Bueno,Mallorca,playa,,Civitatis
Free tour por la Palma marítima,Bueno,Mallorca,tour,,Civitatis
Paseo en catamarán por la costa este de Mallorca,Neutro,Mallorca,playa,,Civitatis
Paseo en barco por la bahía de Palma,Bueno,Mallorca,playa,,Civitatis
Entrada a las cuevas de Campanet,Bueno,Mallorca,otro,,Civitatis
Free tour de las murallas de Palma,Bueno,Mallorca,tour,,Civitatis
Paseo en barco al atardecer por la bahía de Alcudia,Desconocido,Mallorca,playa,,Civitatis
Entrada al Coliseo Balear,Neutro,Mallorca,cultura,,Civitatis
Espeleología marina en la Cova des Coloms,Bueno,Mallorca,tour,,Civitatis
Coasteering en Mallorca,Bueno,Mallorca,deporte,,Civitatis
Paseo en barco con snorkel por las Islas Malgrats desde Santa Ponsa,Bueno,Mallorca,deporte,,Civitatis
Paseo en globo por Mallorca,Bueno,Mallorca,tour,,Civitatis
Tour en moto de agua por la bahía de Palma,Bueno,Mallorca,playa,,Civitatis
Paseo en barco por Cala Egos y Puerto de Andrach,Bueno,Mallorca,playa,,Civitatis
Entrada a Marineland Mallorca,Bueno,Mallorca,otro,,Civitatis
Paseo en catamarán por la bahía de Palma al atardecer,Bueno,Mallorca,playa,,Civitatis
Tour en quad por el oeste de Mallorca,Bueno,Mallorca,deporte,,Civitatis
Paseo a caballo por Randa,Bueno,Mallorca,tour,,Civitatis
Entrada a Western Water Park,Desconocido,Mallorca,ocio,,Civitatis
Tour privado por Valldemosa ¡Tú eliges!,Bueno,Mallorca,tour,,Civitatis
Espeleología en la cueva Es Coloms,Bueno,Mallorca,playa,,Civitatis
Tour privado por Alcudia ¡Tú eliges!,Desconocido,Mallorca,tour,,Civitatis
Tour en buggy por las calas del este de Mallorca,Bueno,Mallorca,tour,,Civitatis
Paseo en lancha rápida por Palma de Mallorca,Bueno,Mallorca,tour,,Civitatis
Alquiler de motos de agua en Cala Nova,Bueno,Mallorca,playa,,Civitatis
Hard Rock Cafe Mallorca sin colas,Desconocido,Mallorca,comida,,Civitatis
Alquiler de barco con patrón en Puerto de Andrach,Desconocido,Mallorca,playa,,Civitatis
Excursión a Palma y Valldemosa,Bueno,Mallorca,tour,,Civitatis
Paddle surf en Cala Rajada,Desconocido,Mallorca,deporte,,Civitatis
Tour privado por Sóller,Desconocido,Mallorca,tour,,Civitatis
Tour en buggy por Sant Jordi y Randa,Desconocido,Mallorca,playa,,Civitatis
Tour en moto de agua por Cala Mondragó,Bueno,Mallorca,playa,,Civitatis
Tour en moto de agua al atardecer desde Alcudia,Bueno,Mallorca,tour,,Civitatis
Tour en moto de agua al atardecer por Cala Millor,Bueno,Mallorca,playa,,Civitatis
Paseo nocturno en barco por la bahía de Palma,Desconocido,Mallorca,museo,,Civitatis
Excursión a las cuevas del Hams y Dinosaurland,Bueno,Mallorca,tour,,Civitatis
Tour en moto por Mallorca,Bueno,Mallorca,playa,,Civitatis
Excursión a las cuevas dels Hams y Dinosaurland,Bueno,Mallorca,tour,,Civitatis
Tour en coche deportivo por Mallorca,Desconocido,Mallorca,tour,,Civitatis
Paddle surf en Cala Blava,Desconocido,Mallorca,deporte,,Civitatis
Tour en moto de agua por Puerto de Andrach,Desconocido,Mallorca,tour,,Civitatis
Alquiler de llaüt con patrón en Santa Ponsa,Desconocido,Mallorca,cultura,,Civitatis
"Senderismo, rápel y espeleología en Cala Falcó",Desconocido,Mallorca,deporte,,Civitatis
Buceo en Cala Portals Nous,Desconocido,Mallorca,deporte,,Civitatis
Tour en paddle surf por Cala Mayor desde Cala Nova,Desconocido,Mallorca,deporte,,Civitatis
Autobús turístico de Palma de Mallorca,Bueno,Mallorca,tour,,Civitatis
Free tour por Alcudia,Bueno,Mallorca,cultura,,Civitatis
Parasailing en El Arenal,Bueno,Mallorca,playa,,Civitatis
Snorkel en la Reserva Marina Cala Delta,Bueno,Mallorca,deporte,,Civitatis
Bautismo de buceo en la Reserva Marina Cala Delta,Bueno,Mallorca,deporte,,Civitatis
Excursión a Cala Agulla y Cala Moltó,Bueno,Mallorca,playa,,Civitatis
Tour en 4x4 por las calas del suroeste de Mallorca,Bueno,Mallorca,deporte,,Civitatis
Tour en moto de agua por la costa de Calvià,Desconocido,Mallorca,playa,,Civitatis
"Tour por el Alcázar, la Catedral y la Giralda",Bueno,Sevilla,cultura,,Civitatis
Free tour por Sevilla,Bueno,Sevilla,cultura,,Civitatis
Crucero por Sevilla,Bueno,Sevilla,tour,,Civitatis
Visita guiada por el Alcázar,Bueno,Sevilla,cultura,,Civitatis
Traslados en Sevilla,Bueno,Sevilla,hotel,,Civitatis
Paseo en barco por Sevilla con comida,Bueno,Sevilla,comida,,Civitatis
Tour por el estadio Ramón Sánchez-Pizjuán,Bueno,Sevilla,deporte,,Civitatis
Entrada a las Setas de Sevilla,Bueno,Sevilla,otro,,Civitatis
Excursión a la Alhambra de Granada,Bueno,Sevilla,cultura,,Civitatis
Tour de los misterios y leyendas de Sevilla,Bueno,Sevilla,tour,,Civitatis
Free tour por Triana,Bueno,Sevilla,tour,,Civitatis
Tarjeta eSIM Civitatis España,Bueno,Sevilla,otro,,Civitatis
Espectáculo en el Museo del Baile Flamenco,Bueno,Sevilla,museo,,Civitatis
Visita guiada por el Archivo de Indias,Bueno,Sevilla,tour,,Civitatis
Excursión a Córdoba,Bueno,Sevilla,cultura,,Civitatis
Free tour nocturno por Sevilla,Bueno,Sevilla,tour,,Civitatis
Visita guiada por la catedral de Sevilla,Bueno,Sevilla,cultura,,Civitatis
Excursión a los pueblos blancos y Ronda,Bueno,Sevilla,tour,,Civitatis
Alquiler de kayak en Sevilla,Bueno,Sevilla,deporte,,Civitatis
Paseo en barco ecológico por el río Guadalquivir,Bueno,Sevilla,tour,,Civitatis
Excursión a Itálica,Bueno,Sevilla,cultura,,Civitatis
Entrada a Isla Mágica y Agua Mágica,Bueno,Sevilla,ocio,,Civitatis
Paseo en barco por Sevilla con guía,Bueno,Sevilla,tour,,Civitatis
Free tour de los misterios y leyendas de Sevilla,Bueno,Sevilla,tour,,Civitatis
Entrada a Isla Mágica,Bueno,Sevilla,ocio,,Civitatis
Espectáculo flamenco en la Casa de la Guitarra,Bueno,Sevilla,museo,,Civitatis
Free tour por el barrio de Santa Cruz,Bueno,Sevilla,cultura,,Civitatis
Free tour por la Sevilla de las tres culturas,Bueno,Sevilla,tour,,Civitatis
Espectáculo en el Teatro Flamenco Triana,Bueno,Sevilla,museo,,Civitatis
Espectáculo en Baraka Sala Flamenca,Bueno,Sevilla,museo,,Civitatis
Entradas al Real Alcázar de Sevilla con audioguía,Desconocido,Sevilla,otro,,Civitatis
Paseo privado en calesa por Sevilla,Bueno,Sevilla,cultura,,Civitatis
Entradas a la Catedral de Sevilla y la Giralda con audioguía,Desconocido,Sevilla,cultura,,Civitatis
Entrada al Museo de las Ilusiones de Sevilla,Bueno,Sevilla,museo,,Civitatis
Espectáculo en el Teatro Flamenco Sevilla,Bueno,Sevilla,museo,,Civitatis
Show flamenco en El Palacio Andaluz,Bueno,Sevilla,cultura,,Civitatis
Entrada al Palacio de las Dueñas,Bueno,Sevilla,cultura,,Civitatis
Espectáculo flamenco en la Sala Almoraima,Bueno,Sevilla,cultura,,Civitatis
Visita guiada por el Palacio de las Dueñas,Bueno,Sevilla,cultura,,Civitatis
Tour privado por Sevilla,Bueno,Sevilla,tour,,Civitatis
Free tour por Itálica,Bueno,Sevilla,tour,,Civitatis
Excursión a Jerez y Cádiz,Bueno,Sevilla,tour,,Civitatis
"Tour por las Setas, la Macarena y el Palacio de Dueñas",Bueno,Sevilla,cultura,,Civitatis
Autobús turístico de Sevilla,Bueno,Sevilla,tour,,Civitatis
Visita guiada por la Catedral y la Giralda en grupo reducido,Desconocido,Sevilla,cultura,,Civitatis
Excursión a Doñana,Bueno,Sevilla,tour,,Civitatis
Excursión al Caminito del Rey,Bueno,Sevilla,tour,,Civitatis
Entrada al Acuario de Sevilla,Bueno,Sevilla,ocio,,Civitatis
Visita guiada por la Plaza de España y el Parque de María Luisa,Bueno,Sevilla,cultura,,Civitatis
Visita guiada por la Casa de Pilatos,Bueno,Sevilla,tour,,Civitatis
Tour por el estadio del Betis,Bueno,Sevilla,tour,,Civitatis
Espectáculo flamenco en el tablao La Cantaora,Bueno,Sevilla,museo,,Civitatis
Autobús y barco turístico de Sevilla,Bueno,Sevilla,otro,,Civitatis
Visita guiada por el Museo de Bellas Artes,Bueno,Sevilla,museo,,Civitatis
Tour privado en tuk tuk por Sevilla,Bueno,Sevilla,tour,,Civitatis
Tour por la Sevilla paranormal,Bueno,Sevilla,tour,,Civitatis
Tour en segway por Sevilla,Bueno,Sevilla,tour,,Civitatis
Excursión a Gibraltar,Bueno,Sevilla,tour,,Civitatis
Tour en bicicleta por Sevilla,Bueno,Sevilla,tour,,Civitatis
"Tour por el Alcázar, la Catedral y la Giralda en grupo reducido",Desconocido,Sevilla,cultura,,Civitatis
Tour por la Plaza de Toros de Sevilla,Bueno,Sevilla,cultura,,Civitatis
Visita guiada por el Alcázar en grupo reducido,Desconocido,Sevilla,tour,,Civitatis
Tour de misterios y leyendas de Triana,Bueno,Sevilla,tour,,Civitatis
Sesión fotográfica privada en Sevilla,Bueno,Sevilla,cultura,,Civitatis
Entrada al globo Nao Vigía,Neutro,Sevilla,otro,,Civitatis
Excursión a Tánger,Bueno,Sevilla,tour,,Civitatis
Tour por Sevilla con gafas de realidad virtual,Bueno,Sevilla,tour,,Civitatis
Visita guiada por la Macarena y su museo,Bueno,Sevilla,museo,,Civitatis
Excursión a Carmona,Bueno,Sevilla,tour,,Civitatis
Visita a la destilería Puerto de Indias,Bueno,Sevilla,otro,,Civitatis
Paseo en barco privado por el río Guadalquivir,Bueno,Sevilla,tour,,Civitatis
Tour por la Macarena + Palacio de las Dueñas,Bueno,Sevilla,cultura,,Civitatis
Entrada al Espacio Exploraterra y la nao Victoria 500,Bueno,Sevilla,otro,,Civitatis
Tour en kayak por Sevilla,Bueno,Sevilla,deporte,,Civitatis
Tour por la iglesia de San Luis,Bueno,Sevilla,cultura,,Civitatis
Free tour por el barrio de la Macarena,Bueno,Sevilla,cultura,,Civitatis
Visita guiada por el monasterio de Santa María de las Cuevas,Bueno,Sevilla,cultura,,Civitatis
Autobús entre Sevilla y el aeropuerto,Bueno,Sevilla,otro,,Civitatis
Entrada al Museo del Traje de Flamenca,Bueno,Sevilla,museo,,Civitatis
Tour privado por el Alcázar de Sevilla,Bueno,Sevilla,cultura,,Civitatis
Tour por la catedral y la iglesia del Salvador,Bueno,Sevilla,cultura,,Civitatis
Tour en patinete eléctrico por Sevilla,Bueno,Sevilla,tour,,Civitatis
Excursión privada desde Sevilla,Bueno,Sevilla,tour,,Civitatis
Excursión a la Sierra de Aracena,Bueno,Sevilla,tour,,Civitatis
Alquiler de equipo de paddle surf en Sevilla,Bueno,Sevilla,deporte,,Civitatis
Alquiler de bicicletas en Sevilla,Neutro,Sevilla,tour,,Civitatis
Tour de la Inquisición,Neutro,Sevilla,cultura,,Civitatis
Visita por la Casa de Salinas con audioguía,Bueno,Sevilla,cultura,,Civitatis
Tour privado por la catedral de Sevilla,Bueno,Sevilla,cultura,,Civitatis
Paseo a caballo por Doñana y el Aljarafe,Bueno,Sevilla,tour,,Civitatis
Visita guiada por una almazara,Bueno,Sevilla,tour,,Civitatis
Ruta de bares y tapas por Triana,Neutro,Sevilla,cultura,,Civitatis
Tour por las Setas de Sevilla con gafas de realidad virtual,Bueno,Sevilla,tour,,Civitatis
Entrada al Palacio Bucarelli con audioguía,Bueno,Sevilla,cultura,,Civitatis
Tour por Triana + Espectáculo flamenco y tapas,Bueno,Sevilla,cultura,,Civitatis
Paddle surf en el río Guadalquivir,Bueno,Sevilla,deporte,,Civitatis
Excursión a una bodega tradicional,Bueno,Sevilla,cultura,,Civitatis
"Tour privado por el Alcázar, la Catedral y la Giralda",Desconocido,Sevilla,cultura,,Civitatis
Free tour del Siglo de Oro por Sevilla,Bueno,Sevilla,tour,,Civitatis
Tour de la Semana Santa sevillana,Bueno,Sevilla,cultura,,Civitatis
Tour por la judería de Sevilla,Bueno,Sevilla,tour,,Civitatis
Tour teatralizado por Triana,Bueno,Sevilla,cultura,,Civitatis
Tour teatralizado nocturno por el cementerio de Sevilla,Bueno,Sevilla,tour,,Civitatis
Entrada al Loro Parque + Siam Park,Bueno,Tenerife,otro,,Civitatis
Entrada al Loro Parque,Bueno,Tenerife,otro,,Civitatis
Entrada a Siam Park,Bueno,Tenerife,otro,,Civitatis
Excursión al Teide + Entrada al teleférico desde el norte,Bueno,Tenerife,ocio,,Civitatis
Traslados en Tenerife,Bueno,Tenerife,hotel,,Civitatis
Avistamiento de cetáceos en Los Cristianos,Bueno,Tenerife,tour,,Civitatis
Paseo en catamarán de 3 horas con avistamiento y escucha de cetáceos,Bueno,Tenerife,playa,,Civitatis
"Excursión al Teide, Icod, Masca y Garachico desde el norte de Tenerife",Bueno,Tenerife,tour,,Civitatis
Excursión al Teide + Entrada al teleférico desde el sur,Bueno,Tenerife,ocio,,Civitatis
Senderismo nocturno por las Cañadas del Teide,Bueno,Tenerife,deporte,,Civitatis
Senderismo por el Parque Rural de Anaga,Bueno,Tenerife,deporte,,Civitatis
Paseo en velero por Los Gigantes,Bueno,Tenerife,playa,,Civitatis
Paseo en camello por El Tanque,Bueno,Tenerife,tour,,Civitatis
Paseo en goleta con avistamiento de cetáceos,Bueno,Tenerife,tour,,Civitatis
Excursión a La Gomera desde el norte de Tenerife,Bueno,Tenerife,tour,,Civitatis
Tour en buggy por el Teide,Bueno,Tenerife,tour,,Civitatis
Paseo en catamarán de 5 horas con avistamiento y escucha de cetáceos,Bueno,Tenerife,playa,,Civitatis
Excursión a La Gomera desde el sur de Tenerife,Bueno,Tenerife,comida,,Civitatis
Kayak y snorkel en Los Cristianos,Bueno,Tenerife,deporte,,Civitatis
Excursión a Masca y Los Gigantes,Bueno,Tenerife,tour,,Civitatis
Visita a una finca de plátanos de La Orotava,Bueno,Tenerife,otro,,Civitatis
Tour en quad por el Teide,Bueno,Tenerife,deporte,,Civitatis
Tour astronómico por el Teide desde el norte de Tenerife,Bueno,Tenerife,tour,,Civitatis
Free tour por La Laguna,Bueno,Tenerife,cultura,,Civitatis
Paseo en goleta con avistamiento de cetáceos y comida,Bueno,Tenerife,comida,,Civitatis
Free tour por Santa Cruz de Tenerife,Bueno,Tenerife,tour,,Civitatis
Observación de estrellas en el Teide,Bueno,Tenerife,tour,,Civitatis
Bautismo de buceo en Costa Adeje,Bueno,Tenerife,deporte,,Civitatis
Paseo en submarino por el sur de Tenerife,Bueno,Tenerife,tour,,Civitatis
"Excursión al Teide, Icod, Masca y Garachico desde el sur de Tenerife",Bueno,Tenerife,tour,,Civitatis
Entrada al Drago Milenario,Bueno,Tenerife,otro,,Civitatis
Paseo en barco por la Punta de Teno,Bueno,Tenerife,tour,,Civitatis
Excursión a La Palma + Volcán Tajogaite,Bueno,Tenerife,tour,,Civitatis
Tour en moto de agua por el sur de Tenerife,Bueno,Tenerife,tour,,Civitatis
Visita guiada por el observatorio del Teide,Bueno,Tenerife,tour,,Civitatis
Excursión a La Gomera + Tour en 4x4,Bueno,Tenerife,tour,,Civitatis
Paseo en catamarán por Costa Adeje,Bueno,Tenerife,playa,,Civitatis
Tour en kayak por la Punta de Teno,Bueno,Tenerife,deporte,,Civitatis
Paseo en goleta con avistamiento de cetáceos y comida,Bueno,Tenerife,comida,,Civitatis
Paseo en yate con avistamiento de cetáceos,Bueno,Tenerife,playa,,Civitatis
Free tour por Puerto de la Cruz,Bueno,Tenerife,tour,,Civitatis
Entrada al teleférico del Teide + Senderismo al pico,Bueno,Tenerife,ocio,,Civitatis
Free tour por La Orotava,Bueno,Tenerife,tour,,Civitatis
Avistamiento de cetáceos en Las Galletas,Bueno,Tenerife,tour,,Civitatis
Cena con espectáculo medieval en el Castillo de San Miguel,Bueno,Tenerife,cultura,,Civitatis
Tour astronómico por el Teide desde el sur de Tenerife,Bueno,Tenerife,tour,,Civitatis
Tour por Masca y los miradores del norte de Tenerife,Bueno,Tenerife,tour,,Civitatis
Tour en quad por el Teide desde el sur de Tenerife,Bueno,Tenerife,deporte,,Civitatis
Parasailing en Costa Adeje,Bueno,Tenerife,playa,,Civitatis
Paseo en velero con avistamiento de cetáceos,Bueno,Tenerife,playa,,Civitatis
Jeep safari por el Parque Nacional del Teide,Bueno,Tenerife,ocio,,Civitatis
Excursión al Teide desde el norte de Tenerife,Bueno,Tenerife,tour,,Civitatis
Free tour por Garachico,Bueno,Tenerife,cultura,,Civitatis
"Jeep safari por Icod de los Vinos, Garachico y Masca",Bueno,Tenerife,ocio,,Civitatis
"Jeep safari por Icod de los Vinos, Garachico y Masca",Bueno,Tenerife,ocio,,Civitatis
Tour en quad por La Orotava y el norte de Tenerife,Bueno,Tenerife,deporte,,Civitatis
Excursión al Teide desde el sur de Tenerife,Bueno,Tenerife,tour,,Civitatis
Senderismo por la playa de Antequera + Paseo en barco,Bueno,Tenerife,deporte,,Civitatis
Senderismo por la playa de Antequera + Paseo en barco,Bueno,Tenerife,deporte,,Civitatis
Tour por la Isla Baja,Bueno,Tenerife,tour,,Civitatis
Excursión a Los Cristianos por libre en autobús,Bueno,Tenerife,tour,,Civitatis
Free tour de misterios y leyendas de Puerto de la Cruz,Bueno,Tenerife,tour,,Civitatis
"Excursión a Santa Cruz, La Laguna y Anaga desde el norte de Tenerife",Neutro,Tenerife,museo,,Civitatis
Entrada a la Casa de los Balcones,Bueno,Tenerife,otro,,Civitatis
Entrada a las Pirámides de Güímar,Bueno,Tenerife,otro,,Civitatis
Free tour por Icod de los Vinos,Bueno,Tenerife,tour,,Civitatis
Excursión a La Gomera desde el sur en grupo reducido,Desconocido,Tenerife,tour,,Civitatis
Snorkel en Costa Adeje,Bueno,Tenerife,deporte,,Civitatis
Entrada al Aqua Club Termal,Bueno,Tenerife,cultura,,Civitatis
Entrada a Jungle Park,Bueno,Tenerife,otro,,Civitatis
"Tour de Tenerife, la vuelta a la isla desde el sur",Bueno,Tenerife,tour,,Civitatis
Tour de los misterios y leyendas de La Laguna,Bueno,Tenerife,tour,,Civitatis
"Excursión a Santa Cruz, La Laguna y Anaga desde el sur de Tenerife",Bueno,Tenerife,tour,,Civitatis
Taller de mojos canarios en las bodegas Monje,Bueno,Tenerife,comida,,Civitatis
Entrada al teleférico del Teide + Senderismo al pico,Bueno,Tenerife,ocio,,Civitatis
Hard Rock Cafe Tenerife sin colas,Bueno,Tenerife,playa,,Civitatis
Bautismo de buceo en Las Galletas,Bueno,Tenerife,deporte,,Civitatis
Bautismo de buceo en Radazul,Bueno,Tenerife,deporte,,Civitatis
Degustación en la Casa del Vino,Bueno,Tenerife,comida,,Civitatis
Vuelo en paratrike por el sur de Tenerife,Bueno,Tenerife,playa,,Civitatis
Paddle surf y snorkel en La Caleta,Bueno,Tenerife,deporte,,Civitatis
Free tour de los misterios y leyendas de La Laguna,Bueno,Tenerife,cultura,,Civitatis
Bautismo de buceo en Los Cristianos,Bueno,Tenerife,deporte,,Civitatis
Entrada al Palmetum,Bueno,Tenerife,otro,,Civitatis
Snorkel en la Pared de El Palmar,Bueno,Tenerife,deporte,,Civitatis
Vuelo en parapente por el sur de Tenerife,Bueno,Tenerife,deporte,,Civitatis
Paseo en lancha y snorkel en el Malpaís de Rasca,Desconocido,Tenerife,deporte,,Civitatis
Visita a la quesería Montesdeoca,Bueno,Tenerife,playa,,Civitatis
Visita a las bodegas Monje,Bueno,Tenerife,comida,,Civitatis
Excursión al Teide en bicicleta,Bueno,Tenerife,deporte,,Civitatis
Alquiler de barco sin licencia en Las Galletas,Desconocido,Tenerife,playa,,Civitatis
Entrada a Scandal Dinner Show,Bueno,Tenerife,museo,,Civitatis
Entrada a Scandal Dinner Show,Bueno,Tenerife,museo,,Civitatis
Free tour por Candelaria,Bueno,Tenerife,tour,,Civitatis
Ferry a La Gomera,Desconocido,Tenerife,otro,,Civitatis
Alquiler de lanchas sin licencia en Costa Adeje,Bueno,Tenerife,playa,,Civitatis
Paseo en velero desde Costa Adeje,Bueno,Tenerife,playa,,Civitatis
Visita a las Bodegas Ferrera,Bueno,Tenerife,otro,,Civitatis
Curso de surf en Playa de las Américas,Bueno,Tenerife,deporte,,Civitatis
"Excursión a Los Gigantes, Icod, Puerto de la Cruz y Candelaria",Bueno,Tenerife,tour,,Civitatis
Tour en tuk tuk por Costa Adeje,Bueno,Tenerife,playa,,Civitatis
Entrada al MUNA + Audioguía en el Parque Nacional del Teide,Desconocido,Tenerife,museo,,Civitatis
Entrada a la catedral de La Laguna,Bueno,Tenerife,cultura,,Civitatis
Entrada a Aqualand Costa Adeje,Bueno,Tenerife,ocio,,Civitatis
Visita guiada por Candelaria,Bueno,Tenerife,tour,,Civitatis
Tour por Santa Cruz de Tenerife para cruceros,Bueno,Tenerife,tour,,Civitatis
Tour del vino por el norte de Tenerife,Bueno,Tenerife,comida,,Civitatis
Free tour de los misterios y leyendas de La Orotava,Bueno,Tenerife,tour,,Civitatis
Excursión privada por Tenerife,Bueno,Tenerife,tour,,Civitatis
Excursión al Loro Parque,Bueno,Tenerife,tour,,Civitatis
Tour de los misterios y leyendas del Barranco de Badajoz,Bueno,Tenerife,tour,,Civitatis
Tour de los misterios y leyendas del Barranco de Badajoz,Bueno,Tenerife,tour,,Civitatis
Tour de los misterios y leyendas de Candelaria,Bueno,Tenerife,tour,,Civitatis
Alquiler de barcos sin licencia en Costa Adeje,Bueno,Tenerife,playa,,Civitatis
Excursión al Puerto de la Cruz por libre,Bueno,Tenerife,tour,,Civitatis
Alquiler de barco con patrón en Costa Adeje,Bueno,Tenerife,playa,,Civitatis
Senderismo por el volcán Chinyero,Bueno,Tenerife,deporte,,Civitatis
Tour privado por La Laguna,Bueno,Tenerife,cultura,,Civitatis
Paseo en barco por las lenguas de lava de Costa Adeje + Snorkel,Bueno,Tenerife,deporte,,Civitatis
Espectáculo Olé Flamenco Show,Bueno,Tenerife,cultura,,Civitatis
Tour privado por Santa Cruz de Tenerife,Bueno,Tenerife,tour,,Civitatis
Snorkel en Radazul,Bueno,Tenerife,deporte,,Civitatis
Paseo en barco privado por Los Gigantes y Masca,Bueno,Tenerife,playa,,Civitatis
Ferry a Gran Canaria,Bueno,Tenerife,otro,,Civitatis
Tour del vino por el sur de Tenerife,Bueno,Tenerife,comida,,Civitatis
Alquiler de barco con patrón en Las Galletas,Desconocido,Tenerife,otro,,Civitatis
Espectáculo flamenco en el Castillo de San Miguel,Bueno,Tenerife,museo,,Civitatis
Bautismo de buceo en Abades,Desconocido,Tenerife,deporte,,Civitatis
Paddle surf en Los Cristianos,Bueno,Tenerife,deporte,,Civitatis
Barranquismo en Los Arcos,Desconocido,Tenerife,tour,,Civitatis
Ferry a La Palma,Desconocido,Tenerife,otro,,Civitatis
Ferry a La Palma,Desconocido,Tenerife,otro,,Civitatis
Senderismo por el interior del Parque Rural de Teno,Desconocido,Tenerife,deporte,,Civitatis
Curso de buceo PADI Open Water en Los Cristianos,Bueno,Tenerife,deporte,,Civitatis
Paseo en catamarán con comida desde Las Galletas,Bueno,Tenerife,comida,,Civitatis
Curso Scuba Diver en Los Abrigos,Desconocido,Tenerife,tour,,Civitatis
Visita a las Bodegas Viñátigo,Desconocido,Tenerife,museo,,Civitatis
Alquiler de bicicleta en el sur de Tenerife,Bueno,Tenerife,deporte,,Civitatis
"Paseo en catamarán por Los Gigantes, Costa Adeje y Masca",Bueno,Tenerife,playa,,Civitatis
Tour en buggy por el sur de Tenerife,Bueno,Tenerife,tour,,Civitatis
Free tour del Carnaval de Santa Cruz de Tenerife,Bueno,Tenerife,tour,,Civitatis
Free tour del vino en El Sauzal,Bueno,Tenerife,comida,,Civitatis
Senderismo por el Parque Rural de Teno,Bueno,Tenerife,deporte,,Civitatis
Excursión al Teide y La Orotava para cruceros,Bueno,Tenerife,tour,,Civitatis
Senderismo por el búnker de San Andrés,Bueno,Tenerife,deporte,,Civitatis
Tour del vino por La Orotava + Visita al Museo del Gofio,Desconocido,Tenerife,museo,,Civitatis
Senderismo por la Punta de Abona y sanatorio de Abades,Desconocido,Tenerife,deporte,,Civitatis
Tour del vino por el sur de Tenerife,Desconocido,Tenerife,comida,,Civitatis
Free tour por Valencia,Bueno,Valencia,tour,,Civitatis
Entrada al Oceanogràfic,Bueno,Valencia,otro,,Civitatis
Tour de Valencia al completo con entradas,Bueno,Valencia,cultura,,Civitatis
Paseo en catamarán por Valencia,Bueno,Valencia,deporte,,Civitatis
Paseo en catamarán al atardecer,Bueno,Valencia,playa,,Civitatis
Entrada a la Ciudad de las Artes y las Ciencias,Bueno,Valencia,otro,,Civitatis
Traslados en Valencia,Bueno,Valencia,hotel,,Civitatis
"Excursión a Altea, Guadalest y las Fuentes del Algar",Bueno,Valencia,tour,,Civitatis
Excursión a las cuevas de San José,Bueno,Valencia,tour,,Civitatis
Free tour de los misterios y leyendas de Valencia,Bueno,Valencia,tour,,Civitatis
Excursión a La Albufera,Bueno,Valencia,tour,,Civitatis
Autobús turístico de Valencia,Bueno,Valencia,tour,,Civitatis
Tarjeta eSIM Civitatis España,Bueno,Valencia,otro,,Civitatis
Paseo en catamarán por Valencia con comida,Bueno,Valencia,comida,,Civitatis
Tour del estadio de Mestalla,Bueno,Valencia,deporte,,Civitatis
Free tour por la Ciudad de las Artes y las Ciencias,Bueno,Valencia,tour,,Civitatis
Free tour por la Valencia macabra,Bueno,Valencia,tour,,Civitatis
Espectáculo flamenco en el tablao Palosanto,Bueno,Valencia,museo,,Civitatis
Tour en segway por Valencia,Bueno,Valencia,tour,,Civitatis
Entrada a la iglesia de San Nicolás,Bueno,Valencia,cultura,,Civitatis
Entrada a Bioparc Valencia,Bueno,Valencia,otro,,Civitatis
"Excursión a Altea, Villajoyosa y Benidorm",Bueno,Valencia,tour,,Civitatis
Entrada al Centro de Arte Hortensia Herrero,Bueno,Valencia,museo,,Civitatis
Visita guiada por la Ciudad de las Artes con entradas,Bueno,Valencia,museo,,Civitatis
Entrada al Hemisfèric,Bueno,Valencia,otro,,Civitatis
Entrada al Museo de las Ciencias Príncipe Felipe,Bueno,Valencia,museo,,Civitatis
Free tour por la Valencia modernista,Bueno,Valencia,tour,,Civitatis
Free tour por el barrio de El Carmen,Bueno,Valencia,museo,,Civitatis
Cena con espectáculo flamenco en Valencia,Bueno,Valencia,cultura,,Civitatis
Autobús turístico de la Albufera + Paseo en barca,Neutro,Valencia,tour,,Civitatis
Tour privado en tuk tuk por Valencia,Bueno,Valencia,tour,,Civitatis
Tour en bicicleta por Valencia,Bueno,Valencia,tour,,Civitatis
Excursión a Chulilla,Bueno,Valencia,tour,,Civitatis
Paseo en yate al atardecer,Neutro,Valencia,playa,,Civitatis
Fiesta en barco por Valencia con comida,Bueno,Valencia,museo,,Civitatis
Tour en bicicleta por el Jardín del Turia,Bueno,Valencia,tour,,Civitatis
Free tour por Valencia en bicicleta,Bueno,Valencia,tour,,Civitatis
Excursión a Bocairente,Bueno,Valencia,tour,,Civitatis
Free tour por el Cabañal,Bueno,Valencia,cultura,,Civitatis
Excursión a Sagunto,Bueno,Valencia,cultura,,Civitatis
Tour por la Valencia medieval,Bueno,Valencia,cultura,,Civitatis
Juego de pistas en Valencia: Búsqueda del tesoro,Bueno,Valencia,otro,,Civitatis
Tour de los Borgia por Valencia + Visita a la catedral,Bueno,Valencia,cultura,,Civitatis
Excursión a Montanejos,Bueno,Valencia,deporte,,Civitatis
Valencia Tourist Card,Bueno,Valencia,otro,,Civitatis
Tour de la Guerra Civil Española,Bueno,Valencia,tour,,Civitatis
Entrada al Museo de la Seda,Bueno,Valencia,museo,,Civitatis
Tour privado por Valencia,Bueno,Valencia,comida,,Civitatis
Visita guiada por Valencia y la Lonja de la Seda,Bueno,Valencia,tour,,Civitatis
Excursión a Morella y Peñíscola,Bueno,Valencia,tour,,Civitatis
Excursión a Játiva,Bueno,Valencia,tour,,Civitatis
Hard Rock Cafe Valencia sin colas,Bueno,Valencia,museo,,Civitatis
Excursión a la isla de Tabarca y el palmeral de Elche,Bueno,Valencia,tour,,Civitatis
Excursión a la isla de Tabarca,Bueno,Valencia,playa,,Civitatis
Excursión a las bodegas de Requena,Bueno,Valencia,comida,,Civitatis
Tour por Valencia y la Albufera + Campos de arroz,Desconocido,Valencia,tour,,Civitatis
Clase de paella valenciana,Bueno,Valencia,comida,,Civitatis
Excursión a Peñíscola,Bueno,Valencia,tour,,Civitatis
Visita al Palacio de las Artes Reina Sofía,Desconocido,Valencia,cultura,,Civitatis
Excursión a Játiva y Anna,Desconocido,Valencia,tour,,Civitatis
Excursión al Parque Natural de la Albufera y Cullera,Desconocido,Valencia,playa,,Civitatis
Tour del Santo Grial con Indiana Jones,Bueno,Valencia,tour,,Civitatis
Barco navideño de Valencia,Bueno,Valencia,otro,,Civitatis
Tour por la Valencia fallera,Bueno,Valencia,cultura,,Civitatis
Ferry a Port Saplaya,Neutro,Valencia,otro,,Civitatis
